id,contributor_id,number,created_at,merged_at,closed_at,state,additions,deletions,changed_files,is_first_pr,is_merged,first_review_wait_days,review_iterations,returned,first_pr_created_at,first_pr_state,first_pr_merged,time_to_merge_days,wait_bucket,unanswered_issue
1001,1,1,2026-01-02,,2026-01-08,closed,12,1,2,1,0,3.0,1,0,2026-01-02,closed,0,,medium_2_10d,0
1002,2,2,2026-01-03,2026-01-10,2026-01-11,merged,14,2,3,1,1,5.0,2,1,2026-01-03,merged,1,7.0,medium_2_10d,0
1003,3,3,2026-01-04,2026-01-18,2026-01-19,merged,16,3,4,1,1,12.0,4,0,2026-01-04,merged,1,14.0,slow_gt_10d,0
1004,4,4,2026-01-05,2026-01-25,2026-01-26,merged,18,4,5,1,1,18.0,5,0,2026-01-05,merged,1,20.0,slow_gt_10d,1
1005,5,5,2026-01-06,2026-01-09,2026-01-10,merged,20,5,1,1,1,1.0,1,1,2026-01-06,merged,1,3.0,fast_le_2d,0
1006,6,6,2026-01-07,,2026-01-13,closed,22,6,2,1,0,3.0,1,0,2026-01-07,closed,0,,medium_2_10d,0
1007,7,7,2026-01-08,,2026-01-16,closed,24,0,3,1,0,5.0,2,0,2026-01-08,closed,0,,medium_2_10d,0
1008,8,8,2026-01-09,2026-01-23,2026-01-24,merged,26,1,4,1,1,12.0,4,0,2026-01-09,merged,1,14.0,slow_gt_10d,1
1009,9,9,2026-01-10,2026-01-30,2026-01-31,merged,28,2,5,1,1,18.0,5,0,2026-01-10,merged,1,20.0,slow_gt_10d,0
1010,10,10,2026-01-11,2026-01-14,2026-01-15,merged,30,3,1,1,1,1.0,1,1,2026-01-11,merged,1,3.0,fast_le_2d,0
1011,11,11,2026-01-12,2026-01-17,2026-01-18,merged,32,4,2,1,1,3.0,1,1,2026-01-12,merged,1,5.0,medium_2_10d,0
1012,12,12,2026-01-13,,2026-01-21,closed,34,5,3,1,0,5.0,2,0,2026-01-13,closed,0,,medium_2_10d,1
1013,13,13,2026-01-14,,2026-01-29,closed,36,6,4,1,0,12.0,4,0,2026-01-14,closed,0,,slow_gt_10d,0
1014,14,14,2026-01-15,2026-02-04,2026-02-05,merged,38,0,5,1,1,18.0,5,0,2026-01-15,merged,1,20.0,slow_gt_10d,0
1015,15,15,2026-01-16,2026-01-19,2026-01-20,merged,40,1,1,1,1,1.0,1,1,2026-01-16,merged,1,3.0,fast_le_2d,0
1016,16,16,2026-01-17,2026-01-22,2026-01-23,merged,42,2,2,1,1,3.0,1,1,2026-01-17,merged,1,5.0,medium_2_10d,1
1017,17,17,2026-01-18,2026-01-25,2026-01-26,merged,44,3,3,1,1,5.0,2,1,2026-01-18,merged,1,7.0,medium_2_10d,0
1018,18,18,2026-01-19,,2026-02-03,closed,46,4,4,1,0,12.0,4,0,2026-01-19,closed,0,,slow_gt_10d,0
1019,19,19,2026-01-20,,2026-02-10,closed,48,5,5,1,0,18.0,5,0,2026-01-20,closed,0,,slow_gt_10d,0
1020,20,20,2026-01-21,2026-01-24,2026-01-25,merged,50,6,1,1,1,1.0,1,1,2026-01-21,merged,1,3.0,fast_le_2d,1
1021,21,21,2026-01-22,2026-01-27,2026-01-28,merged,52,0,2,1,1,3.0,1,1,2026-01-22,merged,1,5.0,medium_2_10d,0
1022,22,22,2026-01-23,2026-01-30,2026-01-31,merged,54,1,3,1,1,5.0,2,1,2026-01-23,merged,1,7.0,medium_2_10d,0
1023,23,23,2026-01-24,2026-02-07,2026-02-08,merged,56,2,4,1,1,12.0,4,0,2026-01-24,merged,1,14.0,slow_gt_10d,0
1024,24,24,2026-01-25,,2026-02-15,closed,58,3,5,1,0,18.0,5,0,2026-01-25,closed,0,,slow_gt_10d,1
1025,25,25,2026-01-26,,2026-01-30,closed,60,4,1,1,0,1.0,1,0,2026-01-26,closed,0,,fast_le_2d,0
1026,26,26,2026-01-27,2026-02-01,2026-02-02,merged,62,5,2,1,1,3.0,1,1,2026-01-27,merged,1,5.0,medium_2_10d,0
1027,27,27,2026-01-28,2026-02-04,2026-02-05,merged,64,6,3,1,1,5.0,2,1,2026-01-28,merged,1,7.0,medium_2_10d,0
1028,28,28,2026-01-29,2026-02-12,2026-02-13,merged,66,0,4,1,1,12.0,4,0,2026-01-29,merged,1,14.0,slow_gt_10d,1
1029,29,29,2026-01-30,2026-02-19,2026-02-20,merged,68,1,5,1,1,18.0,5,0,2026-01-30,merged,1,20.0,slow_gt_10d,0
1030,30,30,2026-01-31,,2026-02-04,closed,70,2,1,1,0,1.0,1,0,2026-01-31,closed,0,,fast_le_2d,0
1031,31,31,2026-02-01,,2026-02-07,closed,72,3,2,1,0,3.0,1,0,2026-02-01,closed,0,,medium_2_10d,0
1032,32,32,2026-02-02,2026-02-09,2026-02-10,merged,74,4,3,1,1,5.0,2,1,2026-02-02,merged,1,7.0,medium_2_10d,1
1033,33,33,2026-02-03,2026-02-17,2026-02-18,merged,76,5,4,1,1,12.0,4,0,2026-02-03,merged,1,14.0,slow_gt_10d,0
1034,34,34,2026-02-04,2026-02-24,2026-02-25,merged,78,6,5,1,1,18.0,5,0,2026-02-04,merged,1,20.0,slow_gt_10d,0
1035,35,35,2026-02-05,2026-02-08,2026-02-09,merged,80,0,1,1,1,1.0,1,1,2026-02-05,merged,1,3.0,fast_le_2d,0
1036,36,36,2026-02-06,,2026-02-12,closed,82,1,2,1,0,3.0,1,0,2026-02-06,closed,0,,medium_2_10d,1
1037,37,37,2026-02-07,,2026-02-15,closed,84,2,3,1,0,5.0,2,0,2026-02-07,closed,0,,medium_2_10d,0
1038,38,38,2026-02-08,2026-02-22,2026-02-23,merged,86,3,4,1,1,12.0,4,0,2026-02-08,merged,1,14.0,slow_gt_10d,0
1039,39,39,2026-02-09,2026-03-01,2026-03-02,merged,88,4,5,1,1,18.0,5,0,2026-02-09,merged,1,20.0,slow_gt_10d,0
1040,40,40,2026-02-10,2026-02-13,2026-02-14,merged,90,5,1,1,1,1.0,1,1,2026-02-10,merged,1,3.0,fast_le_2d,1
1041,41,41,2026-02-11,2026-02-16,2026-02-17,merged,92,6,2,1,1,3.0,1,1,2026-02-11,merged,1,5.0,medium_2_10d,0
1042,42,42,2026-02-12,,2026-02-20,closed,94,0,3,1,0,5.0,2,0,2026-02-12,closed,0,,medium_2_10d,0
1043,43,43,2026-02-13,,2026-02-28,closed,96,1,4,1,0,12.0,4,0,2026-02-13,closed,0,,slow_gt_10d,0
1044,44,44,2026-02-14,2026-03-06,2026-03-07,merged,98,2,5,1,1,18.0,5,0,2026-02-14,merged,1,20.0,slow_gt_10d,1
1045,45,45,2026-02-15,2026-02-18,2026-02-19,merged,100,3,1,1,1,1.0,1,1,2026-02-15,merged,1,3.0,fast_le_2d,0
1046,46,46,2026-02-16,2026-02-21,2026-02-22,merged,102,4,2,1,1,3.0,1,1,2026-02-16,merged,1,5.0,medium_2_10d,0
1047,47,47,2026-02-17,2026-02-24,2026-02-25,merged,104,5,3,1,1,5.0,2,1,2026-02-17,merged,1,7.0,medium_2_10d,0
1048,48,48,2026-02-18,,2026-03-05,closed,106,6,4,1,0,12.0,4,0,2026-02-18,closed,0,,slow_gt_10d,1
1049,49,49,2026-02-19,,2026-03-12,closed,108,0,5,1,0,18.0,5,0,2026-02-19,closed,0,,slow_gt_10d,0
1050,50,50,2026-02-20,2026-02-23,2026-02-24,merged,110,1,1,1,1,1.0,1,1,2026-02-20,merged,1,3.0,fast_le_2d,0
1051,51,51,2026-02-21,2026-02-26,2026-02-27,merged,112,2,2,1,1,3.0,1,1,2026-02-21,merged,1,5.0,medium_2_10d,0
1052,52,52,2026-02-22,2026-03-01,2026-03-02,merged,114,3,3,1,1,5.0,2,1,2026-02-22,merged,1,7.0,medium_2_10d,1
1053,53,53,2026-02-23,2026-03-09,2026-03-10,merged,116,4,4,1,1,12.0,4,0,2026-02-23,merged,1,14.0,slow_gt_10d,0
1054,54,54,2026-02-24,,2026-03-17,closed,118,5,5,1,0,18.0,5,0,2026-02-24,closed,0,,slow_gt_10d,0
1055,55,55,2026-02-25,,2026-03-01,closed,120,6,1,1,0,1.0,1,0,2026-02-25,closed,0,,fast_le_2d,0
1056,56,56,2026-02-26,2026-03-03,2026-03-04,merged,122,0,2,1,1,3.0,1,1,2026-02-26,merged,1,5.0,medium_2_10d,1
1057,57,57,2026-02-27,2026-03-06,2026-03-07,merged,124,1,3,1,1,5.0,2,1,2026-02-27,merged,1,7.0,medium_2_10d,0
1058,58,58,2026-02-28,2026-03-14,2026-03-15,merged,126,2,4,1,1,12.0,4,0,2026-02-28,merged,1,14.0,slow_gt_10d,0
1059,59,59,2026-03-01,2026-03-21,2026-03-22,merged,128,3,5,1,1,18.0,5,0,2026-03-01,merged,1,20.0,slow_gt_10d,0
1060,60,60,2026-03-02,,2026-03-06,closed,130,4,1,1,0,1.0,1,0,2026-03-02,closed,0,,fast_le_2d,1
1061,61,61,2026-03-03,,2026-03-09,closed,132,5,2,1,0,3.0,1,0,2026-03-03,closed,0,,medium_2_10d,0
1062,62,62,2026-03-04,2026-03-11,2026-03-12,merged,134,6,3,1,1,5.0,2,1,2026-03-04,merged,1,7.0,medium_2_10d,0
1063,63,63,2026-03-05,2026-03-19,2026-03-20,merged,136,0,4,1,1,12.0,4,0,2026-03-05,merged,1,14.0,slow_gt_10d,0
1064,64,64,2026-03-06,2026-03-26,2026-03-27,merged,138,1,5,1,1,18.0,5,0,2026-03-06,merged,1,20.0,slow_gt_10d,1
1065,65,65,2026-03-07,2026-03-10,2026-03-11,merged,140,2,1,1,1,1.0,1,1,2026-03-07,merged,1,3.0,fast_le_2d,0
1066,66,66,2026-03-08,,2026-03-14,closed,142,3,2,1,0,3.0,1,0,2026-03-08,closed,0,,medium_2_10d,0
1067,67,67,2026-03-09,,2026-03-17,closed,144,4,3,1,0,5.0,2,0,2026-03-09,closed,0,,medium_2_10d,0
1068,68,68,2026-03-10,2026-03-24,2026-03-25,merged,146,5,4,1,1,12.0,4,0,2026-03-10,merged,1,14.0,slow_gt_10d,1
1069,69,69,2026-03-11,2026-03-31,2026-04-01,merged,148,6,5,1,1,18.0,5,0,2026-03-11,merged,1,20.0,slow_gt_10d,0
1070,70,70,2026-03-12,2026-03-15,2026-03-16,merged,150,0,1,1,1,1.0,1,1,2026-03-12,merged,1,3.0,fast_le_2d,0
1071,71,71,2026-03-13,2026-03-18,2026-03-19,merged,152,1,2,1,1,3.0,1,1,2026-03-13,merged,1,5.0,medium_2_10d,0
1072,72,72,2026-03-14,,2026-03-22,closed,154,2,3,1,0,5.0,2,0,2026-03-14,closed,0,,medium_2_10d,1
1073,73,73,2026-03-15,,2026-03-30,closed,156,3,4,1,0,12.0,4,0,2026-03-15,closed,0,,slow_gt_10d,0
1074,74,74,2026-03-16,2026-04-05,2026-04-06,merged,158,4,5,1,1,18.0,5,0,2026-03-16,merged,1,20.0,slow_gt_10d,0
1075,75,75,2026-03-17,2026-03-20,2026-03-21,merged,160,5,1,1,1,1.0,1,1,2026-03-17,merged,1,3.0,fast_le_2d,0
1076,76,76,2026-03-18,2026-03-23,2026-03-24,merged,162,6,2,1,1,3.0,1,1,2026-03-18,merged,1,5.0,medium_2_10d,1
1077,77,77,2026-03-19,2026-03-26,2026-03-27,merged,164,0,3,1,1,5.0,2,1,2026-03-19,merged,1,7.0,medium_2_10d,0
1078,78,78,2026-03-20,,2026-04-04,closed,166,1,4,1,0,12.0,4,0,2026-03-20,closed,0,,slow_gt_10d,0
1079,79,79,2026-03-21,,2026-04-11,closed,168,2,5,1,0,18.0,5,0,2026-03-21,closed,0,,slow_gt_10d,0
1080,80,80,2026-03-22,2026-03-25,2026-03-26,merged,170,3,1,1,1,1.0,1,1,2026-03-22,merged,1,3.0,fast_le_2d,1
1081,81,81,2026-03-23,2026-03-28,2026-03-29,merged,172,4,2,1,1,3.0,1,1,2026-03-23,merged,1,5.0,medium_2_10d,0
1082,82,82,2026-03-24,2026-03-31,2026-04-01,merged,174,5,3,1,1,5.0,2,1,2026-03-24,merged,1,7.0,medium_2_10d,0
1083,83,83,2026-03-25,2026-04-08,2026-04-09,merged,176,6,4,1,1,12.0,4,0,2026-03-25,merged,1,14.0,slow_gt_10d,0
1084,84,84,2026-03-26,,2026-04-16,closed,178,0,5,1,0,18.0,5,0,2026-03-26,closed,0,,slow_gt_10d,1
1085,85,85,2026-03-27,,2026-03-31,closed,180,1,1,1,0,1.0,1,0,2026-03-27,closed,0,,fast_le_2d,0
1086,86,86,2026-03-28,2026-04-02,2026-04-03,merged,182,2,2,1,1,3.0,1,1,2026-03-28,merged,1,5.0,medium_2_10d,0
1087,87,87,2026-03-29,2026-04-05,2026-04-06,merged,184,3,3,1,1,5.0,2,1,2026-03-29,merged,1,7.0,medium_2_10d,0
1088,88,88,2026-03-30,2026-04-13,2026-04-14,merged,186,4,4,1,1,12.0,4,0,2026-03-30,merged,1,14.0,slow_gt_10d,1
1089,89,89,2026-03-31,2026-04-20,2026-04-21,merged,188,5,5,1,1,18.0,5,0,2026-03-31,merged,1,20.0,slow_gt_10d,0
1090,90,90,2026-04-01,,2026-04-05,closed,190,6,1,1,0,1.0,1,0,2026-04-01,closed,0,,fast_le_2d,0
1091,91,91,2026-04-02,,2026-04-08,closed,192,0,2,1,0,3.0,1,0,2026-04-02,closed,0,,medium_2_10d,0
1092,92,92,2026-04-03,2026-04-10,2026-04-11,merged,194,1,3,1,1,5.0,2,1,2026-04-03,merged,1,7.0,medium_2_10d,1
1093,93,93,2026-04-04,2026-04-18,2026-04-19,merged,196,2,4,1,1,12.0,4,0,2026-04-04,merged,1,14.0,slow_gt_10d,0
1094,94,94,2026-04-05,2026-04-25,2026-04-26,merged,198,3,5,1,1,18.0,5,0,2026-04-05,merged,1,20.0,slow_gt_10d,0
1095,95,95,2026-04-06,2026-04-09,2026-04-10,merged,200,4,1,1,1,1.0,1,1,2026-04-06,merged,1,3.0,fast_le_2d,0
1096,96,96,2026-04-07,,2026-04-13,closed,202,5,2,1,0,3.0,1,0,2026-04-07,closed,0,,medium_2_10d,1
1097,97,97,2026-04-08,,2026-04-16,closed,204,6,3,1,0,5.0,2,0,2026-04-08,closed,0,,medium_2_10d,0
1098,98,98,2026-04-09,2026-04-23,2026-04-24,merged,206,0,4,1,1,12.0,4,0,2026-04-09,merged,1,14.0,slow_gt_10d,0
1099,99,99,2026-04-10,2026-04-30,2026-05-01,merged,208,1,5,1,1,18.0,5,0,2026-04-10,merged,1,20.0,slow_gt_10d,0
1100,100,100,2026-04-11,2026-04-14,2026-04-15,merged,210,2,1,1,1,1.0,1,1,2026-04-11,merged,1,3.0,fast_le_2d,1
1101,101,101,2026-04-12,2026-04-17,2026-04-18,merged,212,3,2,1,1,3.0,1,1,2026-04-12,merged,1,5.0,medium_2_10d,0
1102,102,102,2026-04-13,,2026-04-21,closed,214,4,3,1,0,5.0,2,0,2026-04-13,closed,0,,medium_2_10d,0
1103,103,103,2026-04-14,,2026-04-29,closed,216,5,4,1,0,12.0,4,0,2026-04-14,closed,0,,slow_gt_10d,0
1104,104,104,2026-04-15,2026-05-05,2026-05-06,merged,218,6,5,1,1,18.0,5,0,2026-04-15,merged,1,20.0,slow_gt_10d,1
1105,105,105,2026-04-16,2026-04-19,2026-04-20,merged,220,0,1,1,1,1.0,1,1,2026-04-16,merged,1,3.0,fast_le_2d,0
1106,106,106,2026-04-17,2026-04-22,2026-04-23,merged,222,1,2,1,1,3.0,1,1,2026-04-17,merged,1,5.0,medium_2_10d,0
1107,107,107,2026-04-18,2026-04-25,2026-04-26,merged,224,2,3,1,1,5.0,2,1,2026-04-18,merged,1,7.0,medium_2_10d,0
1108,108,108,2026-04-19,,2026-05-04,closed,226,3,4,1,0,12.0,4,0,2026-04-19,closed,0,,slow_gt_10d,1
1109,109,109,2026-04-20,,2026-05-11,closed,228,4,5,1,0,18.0,5,0,2026-04-20,closed,0,,slow_gt_10d,0
1110,110,110,2026-04-21,2026-04-24,2026-04-25,merged,230,5,1,1,1,1.0,1,1,2026-04-21,merged,1,3.0,fast_le_2d,0
1111,111,111,2026-04-22,2026-04-27,2026-04-28,merged,232,6,2,1,1,3.0,1,1,2026-04-22,merged,1,5.0,medium_2_10d,0
1112,112,112,2026-04-23,2026-04-30,2026-05-01,merged,234,0,3,1,1,5.0,2,1,2026-04-23,merged,1,7.0,medium_2_10d,1
1113,113,113,2026-04-24,2026-05-08,2026-05-09,merged,236,1,4,1,1,12.0,4,0,2026-04-24,merged,1,14.0,slow_gt_10d,0
1114,114,114,2026-04-25,,2026-05-16,closed,238,2,5,1,0,18.0,5,0,2026-04-25,closed,0,,slow_gt_10d,0
1115,115,115,2026-04-26,,2026-04-30,closed,240,3,1,1,0,1.0,1,0,2026-04-26,closed,0,,fast_le_2d,0
1116,116,116,2026-04-27,2026-05-02,2026-05-03,merged,242,4,2,1,1,3.0,1,1,2026-04-27,merged,1,5.0,medium_2_10d,1
1117,117,117,2026-04-28,2026-05-05,2026-05-06,merged,244,5,3,1,1,5.0,2,1,2026-04-28,merged,1,7.0,medium_2_10d,0
1118,118,118,2026-04-29,2026-05-13,2026-05-14,merged,246,6,4,1,1,12.0,4,0,2026-04-29,merged,1,14.0,slow_gt_10d,0
1119,119,119,2026-04-30,2026-05-20,2026-05-21,merged,248,0,5,1,1,18.0,5,0,2026-04-30,merged,1,20.0,slow_gt_10d,0
1120,120,120,2026-05-01,,2026-05-05,closed,250,1,1,1,0,1.0,1,0,2026-05-01,closed,0,,fast_le_2d,1
1121,121,121,2026-05-02,,2026-05-08,closed,252,2,2,1,0,3.0,1,0,2026-05-02,closed,0,,medium_2_10d,0
1122,122,122,2026-05-03,2026-05-10,2026-05-11,merged,254,3,3,1,1,5.0,2,1,2026-05-03,merged,1,7.0,medium_2_10d,0
1123,123,123,2026-05-04,2026-05-18,2026-05-19,merged,256,4,4,1,1,12.0,4,0,2026-05-04,merged,1,14.0,slow_gt_10d,0
1124,124,124,2026-05-05,2026-05-25,2026-05-26,merged,258,5,5,1,1,18.0,5,0,2026-05-05,merged,1,20.0,slow_gt_10d,1
1125,125,125,2026-05-06,2026-05-09,2026-05-10,merged,260,6,1,1,1,1.0,1,1,2026-05-06,merged,1,3.0,fast_le_2d,0
1126,126,126,2026-05-07,,2026-05-13,closed,262,0,2,1,0,3.0,1,0,2026-05-07,closed,0,,medium_2_10d,0
1127,127,127,2026-05-08,,2026-05-16,closed,264,1,3,1,0,5.0,2,0,2026-05-08,closed,0,,medium_2_10d,0
1128,128,128,2026-05-09,2026-05-23,2026-05-24,merged,266,2,4,1,1,12.0,4,0,2026-05-09,merged,1,14.0,slow_gt_10d,1
1129,129,129,2026-05-10,2026-05-30,2026-05-31,merged,268,3,5,1,1,18.0,5,0,2026-05-10,merged,1,20.0,slow_gt_10d,0
1130,130,130,2026-05-11,2026-05-14,2026-05-15,merged,270,4,1,1,1,1.0,1,1,2026-05-11,merged,1,3.0,fast_le_2d,0
1131,131,131,2026-05-12,2026-05-17,2026-05-18,merged,272,5,2,1,1,3.0,1,1,2026-05-12,merged,1,5.0,medium_2_10d,0
1132,132,132,2026-05-13,,2026-05-21,closed,274,6,3,1,0,5.0,2,0,2026-05-13,closed,0,,medium_2_10d,1
1133,133,133,2026-05-14,,2026-05-29,closed,276,0,4,1,0,12.0,4,0,2026-05-14,closed,0,,slow_gt_10d,0
1134,134,134,2026-05-15,2026-06-04,2026-06-05,merged,278,1,5,1,1,18.0,5,0,2026-05-15,merged,1,20.0,slow_gt_10d,0
1135,135,135,2026-05-16,2026-05-19,2026-05-20,merged,280,2,1,1,1,1.0,1,1,2026-05-16,merged,1,3.0,fast_le_2d,0
1136,136,136,2026-05-17,2026-05-22,2026-05-23,merged,282,3,2,1,1,3.0,1,1,2026-05-17,merged,1,5.0,medium_2_10d,1
1137,137,137,2026-05-18,2026-05-25,2026-05-26,merged,284,4,3,1,1,5.0,2,1,2026-05-18,merged,1,7.0,medium_2_10d,0
1138,138,138,2026-05-19,,2026-06-03,closed,286,5,4,1,0,12.0,4,0,2026-05-19,closed,0,,slow_gt_10d,0
1139,139,139,2026-05-20,,2026-06-10,closed,288,6,5,1,0,18.0,5,0,2026-05-20,closed,0,,slow_gt_10d,0
1140,140,140,2026-05-21,2026-05-24,2026-05-25,merged,290,0,1,1,1,1.0,1,1,2026-05-21,merged,1,3.0,fast_le_2d,1
1141,141,141,2026-05-22,2026-05-27,2026-05-28,merged,292,1,2,1,1,3.0,1,1,2026-05-22,merged,1,5.0,medium_2_10d,0
1142,142,142,2026-05-23,2026-05-30,2026-05-31,merged,294,2,3,1,1,5.0,2,1,2026-05-23,merged,1,7.0,medium_2_10d,0
1143,143,143,2026-05-24,2026-06-07,2026-06-08,merged,296,3,4,1,1,12.0,4,0,2026-05-24,merged,1,14.0,slow_gt_10d,0
1144,144,144,2026-05-25,,2026-06-15,closed,298,4,5,1,0,18.0,5,0,2026-05-25,closed,0,,slow_gt_10d,1
1145,145,145,2026-05-26,,2026-05-30,closed,300,5,1,1,0,1.0,1,0,2026-05-26,closed,0,,fast_le_2d,0
1146,146,146,2026-05-27,2026-06-01,2026-06-02,merged,302,6,2,1,1,3.0,1,1,2026-05-27,merged,1,5.0,medium_2_10d,0
1147,147,147,2026-05-28,2026-06-04,2026-06-05,merged,304,0,3,1,1,5.0,2,1,2026-05-28,merged,1,7.0,medium_2_10d,0
1148,148,148,2026-05-29,2026-06-12,2026-06-13,merged,306,1,4,1,1,12.0,4,0,2026-05-29,merged,1,14.0,slow_gt_10d,1
1149,149,149,2026-05-30,2026-06-19,2026-06-20,merged,308,2,5,1,1,18.0,5,0,2026-05-30,merged,1,20.0,slow_gt_10d,0
1150,150,150,2026-05-31,,2026-06-04,closed,310,3,1,1,0,1.0,1,0,2026-05-31,closed,0,,fast_le_2d,0
1151,151,151,2026-06-01,,2026-06-07,closed,312,4,2,1,0,3.0,1,0,2026-06-01,closed,0,,medium_2_10d,0
1152,152,152,2026-06-02,2026-06-09,2026-06-10,merged,314,5,3,1,1,5.0,2,1,2026-06-02,merged,1,7.0,medium_2_10d,1
1153,153,153,2026-06-03,2026-06-17,2026-06-18,merged,316,6,4,1,1,12.0,4,0,2026-06-03,merged,1,14.0,slow_gt_10d,0
1154,154,154,2026-06-04,2026-06-24,2026-06-25,merged,318,0,5,1,1,18.0,5,0,2026-06-04,merged,1,20.0,slow_gt_10d,0
1155,155,155,2026-06-05,2026-06-08,2026-06-09,merged,320,1,1,1,1,1.0,1,1,2026-06-05,merged,1,3.0,fast_le_2d,0
1156,156,156,2026-06-06,,2026-06-12,closed,322,2,2,1,0,3.0,1,0,2026-06-06,closed,0,,medium_2_10d,1
1157,157,157,2026-06-07,,2026-06-15,closed,324,3,3,1,0,5.0,2,0,2026-06-07,closed,0,,medium_2_10d,0
1158,158,158,2026-06-08,2026-06-22,2026-06-23,merged,326,4,4,1,1,12.0,4,0,2026-06-08,merged,1,14.0,slow_gt_10d,0
1159,159,159,2026-06-09,2026-06-29,2026-06-30,merged,328,5,5,1,1,18.0,5,0,2026-06-09,merged,1,20.0,slow_gt_10d,0
1160,160,160,2026-06-10,2026-06-13,2026-06-14,merged,330,6,1,1,1,1.0,1,1,2026-06-10,merged,1,3.0,fast_le_2d,1
1161,161,161,2026-06-11,2026-06-16,2026-06-17,merged,332,0,2,1,1,3.0,1,1,2026-06-11,merged,1,5.0,medium_2_10d,0
1162,162,162,2026-06-12,,2026-06-20,closed,334,1,3,1,0,5.0,2,0,2026-06-12,closed,0,,medium_2_10d,0
1163,163,163,2026-06-13,,2026-06-28,closed,336,2,4,1,0,12.0,4,0,2026-06-13,closed,0,,slow_gt_10d,0
1164,164,164,2026-06-14,2026-07-04,2026-07-05,merged,338,3,5,1,1,18.0,5,0,2026-06-14,merged,1,20.0,slow_gt_10d,1
1165,165,165,2026-06-15,2026-06-18,2026-06-19,merged,340,4,1,1,1,1.0,1,1,2026-06-15,merged,1,3.0,fast_le_2d,0
1166,166,166,2026-06-16,2026-06-21,2026-06-22,merged,342,5,2,1,1,3.0,1,1,2026-06-16,merged,1,5.0,medium_2_10d,0
1167,167,167,2026-06-17,2026-06-24,2026-06-25,merged,344,6,3,1,1,5.0,2,1,2026-06-17,merged,1,7.0,medium_2_10d,0
1168,168,168,2026-06-18,,2026-07-03,closed,346,0,4,1,0,12.0,4,0,2026-06-18,closed,0,,slow_gt_10d,1
1169,169,169,2026-06-19,,2026-07-10,closed,348,1,5,1,0,18.0,5,0,2026-06-19,closed,0,,slow_gt_10d,0
1170,170,170,2026-06-20,2026-06-23,2026-06-24,merged,350,2,1,1,1,1.0,1,1,2026-06-20,merged,1,3.0,fast_le_2d,0
1171,171,171,2026-06-21,2026-06-26,2026-06-27,merged,352,3,2,1,1,3.0,1,1,2026-06-21,merged,1,5.0,medium_2_10d,0
1172,172,172,2026-06-22,2026-06-29,2026-06-30,merged,354,4,3,1,1,5.0,2,1,2026-06-22,merged,1,7.0,medium_2_10d,1
1173,173,173,2026-06-23,2026-07-07,2026-07-08,merged,356,5,4,1,1,12.0,4,0,2026-06-23,merged,1,14.0,slow_gt_10d,0
1174,174,174,2026-06-24,,2026-07-15,closed,358,6,5,1,0,18.0,5,0,2026-06-24,closed,0,,slow_gt_10d,0
1175,175,175,2026-06-25,,2026-06-29,closed,360,0,1,1,0,1.0,1,0,2026-06-25,closed,0,,fast_le_2d,0
1176,176,176,2026-06-26,2026-07-01,2026-07-02,merged,362,1,2,1,1,3.0,1,1,2026-06-26,merged,1,5.0,medium_2_10d,1
1177,177,177,2026-06-27,2026-07-04,2026-07-05,merged,364,2,3,1,1,5.0,2,1,2026-06-27,merged,1,7.0,medium_2_10d,0
1178,178,178,2026-06-28,2026-07-12,2026-07-13,merged,366,3,4,1,1,12.0,4,0,2026-06-28,merged,1,14.0,slow_gt_10d,0
1179,179,179,2026-06-29,2026-07-19,2026-07-20,merged,368,4,5,1,1,18.0,5,0,2026-06-29,merged,1,20.0,slow_gt_10d,0
1180,180,180,2026-06-30,,2026-07-04,closed,370,5,1,1,0,1.0,1,0,2026-06-30,closed,0,,fast_le_2d,1
1181,181,181,2026-07-01,,2026-07-07,closed,372,6,2,1,0,3.0,1,0,2026-07-01,closed,0,,medium_2_10d,0
1182,182,182,2026-07-02,2026-07-09,2026-07-10,merged,374,0,3,1,1,5.0,2,1,2026-07-02,merged,1,7.0,medium_2_10d,0
1183,183,183,2026-07-03,2026-07-17,2026-07-18,merged,376,1,4,1,1,12.0,4,0,2026-07-03,merged,1,14.0,slow_gt_10d,0
1184,184,184,2026-07-04,2026-07-24,2026-07-25,merged,378,2,5,1,1,18.0,5,0,2026-07-04,merged,1,20.0,slow_gt_10d,1
1185,185,185,2026-07-05,2026-07-08,2026-07-09,merged,380,3,1,1,1,1.0,1,1,2026-07-05,merged,1,3.0,fast_le_2d,0
1186,186,186,2026-07-06,,2026-07-12,closed,382,4,2,1,0,3.0,1,0,2026-07-06,closed,0,,medium_2_10d,0
1187,187,187,2026-07-07,,2026-07-15,closed,384,5,3,1,0,5.0,2,0,2026-07-07,closed,0,,medium_2_10d,0
1188,188,188,2026-07-08,2026-07-22,2026-07-23,merged,386,6,4,1,1,12.0,4,0,2026-07-08,merged,1,14.0,slow_gt_10d,1
1189,189,189,2026-07-09,2026-07-29,2026-07-30,merged,388,0,5,1,1,18.0,5,0,2026-07-09,merged,1,20.0,slow_gt_10d,0
1190,190,190,2026-07-10,2026-07-13,2026-07-14,merged,390,1,1,1,1,1.0,1,1,2026-07-10,merged,1,3.0,fast_le_2d,0
1191,191,191,2026-07-11,2026-07-16,2026-07-17,merged,392,2,2,1,1,3.0,1,1,2026-07-11,merged,1,5.0,medium_2_10d,0
1192,192,192,2026-07-12,,2026-07-20,closed,394,3,3,1,0,5.0,2,0,2026-07-12,closed,0,,medium_2_10d,1
1193,193,193,2026-07-13,,2026-07-28,closed,396,4,4,1,0,12.0,4,0,2026-07-13,closed,0,,slow_gt_10d,0
1194,194,194,2026-07-14,2026-08-03,2026-08-04,merged,398,5,5,1,1,18.0,5,0,2026-07-14,merged,1,20.0,slow_gt_10d,0
1195,195,195,2026-07-15,2026-07-18,2026-07-19,merged,400,6,1,1,1,1.0,1,1,2026-07-15,merged,1,3.0,fast_le_2d,0
1196,196,196,2026-07-16,2026-07-21,2026-07-22,merged,402,0,2,1,1,3.0,1,1,2026-07-16,merged,1,5.0,medium_2_10d,1
1197,197,197,2026-07-17,2026-07-24,2026-07-25,merged,404,1,3,1,1,5.0,2,1,2026-07-17,merged,1,7.0,medium_2_10d,0
1198,198,198,2026-07-18,,2026-08-02,closed,406,2,4,1,0,12.0,4,0,2026-07-18,closed,0,,slow_gt_10d,0
1199,199,199,2026-07-19,,2026-08-09,closed,408,3,5,1,0,18.0,5,0,2026-07-19,closed,0,,slow_gt_10d,0
1200,200,200,2026-07-20,2026-07-23,2026-07-24,merged,410,4,1,1,1,1.0,1,1,2026-07-20,merged,1,3.0,fast_le_2d,1
1201,201,201,2026-07-21,2026-07-26,2026-07-27,merged,412,5,2,1,1,3.0,1,1,2026-07-21,merged,1,5.0,medium_2_10d,0
1202,202,202,2026-07-22,2026-07-29,2026-07-30,merged,414,6,3,1,1,5.0,2,1,2026-07-22,merged,1,7.0,medium_2_10d,0
1203,203,203,2026-07-23,2026-08-06,2026-08-07,merged,416,0,4,1,1,12.0,4,0,2026-07-23,merged,1,14.0,slow_gt_10d,0
1204,204,204,2026-07-24,,2026-08-14,closed,418,1,5,1,0,18.0,5,0,2026-07-24,closed,0,,slow_gt_10d,1
1205,205,205,2026-07-25,,2026-07-29,closed,420,2,1,1,0,1.0,1,0,2026-07-25,closed,0,,fast_le_2d,0
1206,206,206,2026-07-26,2026-07-31,2026-08-01,merged,422,3,2,1,1,3.0,1,1,2026-07-26,merged,1,5.0,medium_2_10d,0
1207,207,207,2026-07-27,2026-08-03,2026-08-04,merged,424,4,3,1,1,5.0,2,1,2026-07-27,merged,1,7.0,medium_2_10d,0
1208,208,208,2026-07-28,2026-08-11,2026-08-12,merged,426,5,4,1,1,12.0,4,0,2026-07-28,merged,1,14.0,slow_gt_10d,1
1209,209,209,2026-07-29,2026-08-18,2026-08-19,merged,428,6,5,1,1,18.0,5,0,2026-07-29,merged,1,20.0,slow_gt_10d,0
1210,210,210,2026-07-30,,2026-08-03,closed,430,0,1,1,0,1.0,1,0,2026-07-30,closed,0,,fast_le_2d,0
1211,211,211,2026-07-31,,2026-08-06,closed,432,1,2,1,0,3.0,1,0,2026-07-31,closed,0,,medium_2_10d,0
1212,212,212,2026-08-01,2026-08-08,2026-08-09,merged,434,2,3,1,1,5.0,2,1,2026-08-01,merged,1,7.0,medium_2_10d,1
1213,213,213,2026-08-02,2026-08-16,2026-08-17,merged,436,3,4,1,1,12.0,4,0,2026-08-02,merged,1,14.0,slow_gt_10d,0
1214,214,214,2026-08-03,2026-08-23,2026-08-24,merged,438,4,5,1,1,18.0,5,0,2026-08-03,merged,1,20.0,slow_gt_10d,0
1215,215,215,2026-08-04,2026-08-07,2026-08-08,merged,440,5,1,1,1,1.0,1,1,2026-08-04,merged,1,3.0,fast_le_2d,0
1216,216,216,2026-08-05,,2026-08-11,closed,442,6,2,1,0,3.0,1,0,2026-08-05,closed,0,,medium_2_10d,1
1217,217,217,2026-08-06,,2026-08-14,closed,444,0,3,1,0,5.0,2,0,2026-08-06,closed,0,,medium_2_10d,0
1218,218,218,2026-08-07,2026-08-21,2026-08-22,merged,446,1,4,1,1,12.0,4,0,2026-08-07,merged,1,14.0,slow_gt_10d,0
1219,219,219,2026-08-08,2026-08-28,2026-08-29,merged,448,2,5,1,1,18.0,5,0,2026-08-08,merged,1,20.0,slow_gt_10d,0
1220,220,220,2026-08-09,2026-08-12,2026-08-13,merged,450,3,1,1,1,1.0,1,1,2026-08-09,merged,1,3.0,fast_le_2d,1
1221,221,221,2026-08-10,2026-08-15,2026-08-16,merged,452,4,2,1,1,3.0,1,1,2026-08-10,merged,1,5.0,medium_2_10d,0
1222,222,222,2026-08-11,,2026-08-19,closed,454,5,3,1,0,5.0,2,0,2026-08-11,closed,0,,medium_2_10d,0
1223,223,223,2026-08-12,,2026-08-27,closed,456,6,4,1,0,12.0,4,0,2026-08-12,closed,0,,slow_gt_10d,0
1224,224,224,2026-08-13,2026-09-02,2026-09-03,merged,458,0,5,1,1,18.0,5,0,2026-08-13,merged,1,20.0,slow_gt_10d,1
1225,225,225,2026-08-14,2026-08-17,2026-08-18,merged,460,1,1,1,1,1.0,1,1,2026-08-14,merged,1,3.0,fast_le_2d,0
1226,226,226,2026-08-15,2026-08-20,2026-08-21,merged,462,2,2,1,1,3.0,1,1,2026-08-15,merged,1,5.0,medium_2_10d,0
1227,227,227,2026-08-16,2026-08-23,2026-08-24,merged,464,3,3,1,1,5.0,2,1,2026-08-16,merged,1,7.0,medium_2_10d,0
1228,228,228,2026-08-17,,2026-09-01,closed,466,4,4,1,0,12.0,4,0,2026-08-17,closed,0,,slow_gt_10d,1
1229,229,229,2026-08-18,,2026-09-08,closed,468,5,5,1,0,18.0,5,0,2026-08-18,closed,0,,slow_gt_10d,0
1230,230,230,2026-08-19,2026-08-22,2026-08-23,merged,470,6,1,1,1,1.0,1,1,2026-08-19,merged,1,3.0,fast_le_2d,0
1231,231,231,2026-08-20,2026-08-25,2026-08-26,merged,472,0,2,1,1,3.0,1,1,2026-08-20,merged,1,5.0,medium_2_10d,0
1232,232,232,2026-08-21,2026-08-28,2026-08-29,merged,474,1,3,1,1,5.0,2,1,2026-08-21,merged,1,7.0,medium_2_10d,1
1233,233,233,2026-08-22,2026-09-05,2026-09-06,merged,476,2,4,1,1,12.0,4,0,2026-08-22,merged,1,14.0,slow_gt_10d,0
1234,234,234,2026-08-23,,2026-09-13,closed,478,3,5,1,0,18.0,5,0,2026-08-23,closed,0,,slow_gt_10d,0
1235,235,235,2026-08-24,,2026-08-28,closed,480,4,1,1,0,1.0,1,0,2026-08-24,closed,0,,fast_le_2d,0
1236,236,236,2026-08-25,2026-08-30,2026-08-31,merged,482,5,2,1,1,3.0,1,1,2026-08-25,merged,1,5.0,medium_2_10d,1
1237,237,237,2026-08-26,2026-09-02,2026-09-03,merged,484,6,3,1,1,5.0,2,1,2026-08-26,merged,1,7.0,medium_2_10d,0
1238,238,238,2026-08-27,2026-09-10,2026-09-11,merged,486,0,4,1,1,12.0,4,0,2026-08-27,merged,1,14.0,slow_gt_10d,0
1239,239,239,2026-08-28,2026-09-17,2026-09-18,merged,488,1,5,1,1,18.0,5,0,2026-08-28,merged,1,20.0,slow_gt_10d,0
1240,240,240,2026-08-29,,2026-09-02,closed,490,2,1,1,0,1.0,1,0,2026-08-29,closed,0,,fast_le_2d,1
1241,241,241,2026-08-30,,2026-09-05,closed,492,3,2,1,0,3.0,1,0,2026-08-30,closed,0,,medium_2_10d,0
1242,242,242,2026-08-31,2026-09-07,2026-09-08,merged,494,4,3,1,1,5.0,2,1,2026-08-31,merged,1,7.0,medium_2_10d,0
1243,243,243,2026-09-01,2026-09-15,2026-09-16,merged,496,5,4,1,1,12.0,4,0,2026-09-01,merged,1,14.0,slow_gt_10d,0
1244,244,244,2026-09-02,2026-09-22,2026-09-23,merged,498,6,5,1,1,18.0,5,0,2026-09-02,merged,1,20.0,slow_gt_10d,1
1245,245,245,2026-09-03,2026-09-06,2026-09-07,merged,500,0,1,1,1,1.0,1,1,2026-09-03,merged,1,3.0,fast_le_2d,0
1246,246,246,2026-09-04,,2026-09-10,closed,502,1,2,1,0,3.0,1,0,2026-09-04,closed,0,,medium_2_10d,0
1247,247,247,2026-09-05,,2026-09-13,closed,504,2,3,1,0,5.0,2,0,2026-09-05,closed,0,,medium_2_10d,0
1248,248,248,2026-09-06,2026-09-20,2026-09-21,merged,506,3,4,1,1,12.0,4,0,2026-09-06,merged,1,14.0,slow_gt_10d,1
1249,249,249,2026-09-07,2026-09-27,2026-09-28,merged,508,4,5,1,1,18.0,5,0,2026-09-07,merged,1,20.0,slow_gt_10d,0
1250,250,250,2026-09-08,2026-09-11,2026-09-12,merged,510,5,1,1,1,1.0,1,1,2026-09-08,merged,1,3.0,fast_le_2d,0
1251,251,251,2026-09-09,2026-09-14,2026-09-15,merged,512,6,2,1,1,3.0,1,1,2026-09-09,merged,1,5.0,medium_2_10d,0
1252,252,252,2026-09-10,,2026-09-18,closed,514,0,3,1,0,5.0,2,0,2026-09-10,closed,0,,medium_2_10d,1
1253,253,253,2026-09-11,,2026-09-26,closed,516,1,4,1,0,12.0,4,0,2026-09-11,closed,0,,slow_gt_10d,0
1254,254,254,2026-09-12,2026-10-02,2026-10-03,merged,518,2,5,1,1,18.0,5,0,2026-09-12,merged,1,20.0,slow_gt_10d,0
1255,255,255,2026-09-13,2026-09-16,2026-09-17,merged,520,3,1,1,1,1.0,1,1,2026-09-13,merged,1,3.0,fast_le_2d,0
1256,256,256,2026-09-14,2026-09-19,2026-09-20,merged,522,4,2,1,1,3.0,1,1,2026-09-14,merged,1,5.0,medium_2_10d,1
1257,257,257,2026-09-15,2026-09-22,2026-09-23,merged,524,5,3,1,1,5.0,2,1,2026-09-15,merged,1,7.0,medium_2_10d,0
1258,258,258,2026-09-16,,2026-10-01,closed,526,6,4,1,0,12.0,4,0,2026-09-16,closed,0,,slow_gt_10d,0
1259,259,259,2026-09-17,,2026-10-08,closed,528,0,5,1,0,18.0,5,0,2026-09-17,closed,0,,slow_gt_10d,0
1260,260,260,2026-09-18,2026-09-21,2026-09-22,merged,530,1,1,1,1,1.0,1,1,2026-09-18,merged,1,3.0,fast_le_2d,1
1261,261,261,2026-09-19,2026-09-24,2026-09-25,merged,532,2,2,1,1,3.0,1,1,2026-09-19,merged,1,5.0,medium_2_10d,0
1262,262,262,2026-09-20,2026-09-27,2026-09-28,merged,534,3,3,1,1,5.0,2,1,2026-09-20,merged,1,7.0,medium_2_10d,0
1263,263,263,2026-09-21,2026-10-05,2026-10-06,merged,536,4,4,1,1,12.0,4,0,2026-09-21,merged,1,14.0,slow_gt_10d,0
1264,264,264,2026-09-22,,2026-10-13,closed,538,5,5,1,0,18.0,5,0,2026-09-22,closed,0,,slow_gt_10d,1
1265,265,265,2026-09-23,,2026-09-27,closed,540,6,1,1,0,1.0,1,0,2026-09-23,closed,0,,fast_le_2d,0
1266,266,266,2026-09-24,2026-09-29,2026-09-30,merged,542,0,2,1,1,3.0,1,1,2026-09-24,merged,1,5.0,medium_2_10d,0
1267,267,267,2026-09-25,2026-10-02,2026-10-03,merged,544,1,3,1,1,5.0,2,1,2026-09-25,merged,1,7.0,medium_2_10d,0
1268,268,268,2026-09-26,2026-10-10,2026-10-11,merged,546,2,4,1,1,12.0,4,0,2026-09-26,merged,1,14.0,slow_gt_10d,1
1269,269,269,2026-09-27,2026-10-17,2026-10-18,merged,548,3,5,1,1,18.0,5,0,2026-09-27,merged,1,20.0,slow_gt_10d,0
1270,270,270,2026-09-28,,2026-10-02,closed,550,4,1,1,0,1.0,1,0,2026-09-28,closed,0,,fast_le_2d,0
1271,271,271,2026-09-29,,2026-10-05,closed,552,5,2,1,0,3.0,1,0,2026-09-29,closed,0,,medium_2_10d,0
1272,272,272,2026-09-30,2026-10-07,2026-10-08,merged,554,6,3,1,1,5.0,2,1,2026-09-30,merged,1,7.0,medium_2_10d,1
1273,273,273,2026-10-01,2026-10-15,2026-10-16,merged,556,0,4,1,1,12.0,4,0,2026-10-01,merged,1,14.0,slow_gt_10d,0
1274,274,274,2026-10-02,2026-10-22,2026-10-23,merged,558,1,5,1,1,18.0,5,0,2026-10-02,merged,1,20.0,slow_gt_10d,0
1275,275,275,2026-10-03,2026-10-06,2026-10-07,merged,560,2,1,1,1,1.0,1,1,2026-10-03,merged,1,3.0,fast_le_2d,0
1276,276,276,2026-10-04,,2026-10-10,closed,562,3,2,1,0,3.0,1,0,2026-10-04,closed,0,,medium_2_10d,1
1277,277,277,2026-10-05,,2026-10-13,closed,564,4,3,1,0,5.0,2,0,2026-10-05,closed,0,,medium_2_10d,0
1278,278,278,2026-10-06,2026-10-20,2026-10-21,merged,566,5,4,1,1,12.0,4,0,2026-10-06,merged,1,14.0,slow_gt_10d,0
1279,279,279,2026-10-07,2026-10-27,2026-10-28,merged,568,6,5,1,1,18.0,5,0,2026-10-07,merged,1,20.0,slow_gt_10d,0
1280,280,280,2026-10-08,2026-10-11,2026-10-12,merged,570,0,1,1,1,1.0,1,1,2026-10-08,merged,1,3.0,fast_le_2d,1
1281,281,281,2026-10-09,2026-10-14,2026-10-15,merged,572,1,2,1,1,3.0,1,1,2026-10-09,merged,1,5.0,medium_2_10d,0
1282,282,282,2026-10-10,,2026-10-18,closed,574,2,3,1,0,5.0,2,0,2026-10-10,closed,0,,medium_2_10d,0
1283,283,283,2026-10-11,,2026-10-26,closed,576,3,4,1,0,12.0,4,0,2026-10-11,closed,0,,slow_gt_10d,0
1284,284,284,2026-10-12,2026-11-01,2026-11-02,merged,578,4,5,1,1,18.0,5,0,2026-10-12,merged,1,20.0,slow_gt_10d,1
1285,285,285,2026-10-13,2026-10-16,2026-10-17,merged,580,5,1,1,1,1.0,1,1,2026-10-13,merged,1,3.0,fast_le_2d,0
1286,286,286,2026-10-14,2026-10-19,2026-10-20,merged,582,6,2,1,1,3.0,1,1,2026-10-14,merged,1,5.0,medium_2_10d,0
1287,287,287,2026-10-15,2026-10-22,2026-10-23,merged,584,0,3,1,1,5.0,2,1,2026-10-15,merged,1,7.0,medium_2_10d,0
1288,288,288,2026-10-16,,2026-10-31,closed,586,1,4,1,0,12.0,4,0,2026-10-16,closed,0,,slow_gt_10d,1
1289,289,289,2026-10-17,,2026-11-07,closed,588,2,5,1,0,18.0,5,0,2026-10-17,closed,0,,slow_gt_10d,0
1290,290,290,2026-10-18,2026-10-21,2026-10-22,merged,590,3,1,1,1,1.0,1,1,2026-10-18,merged,1,3.0,fast_le_2d,0
1291,291,291,2026-10-19,2026-10-24,2026-10-25,merged,592,4,2,1,1,3.0,1,1,2026-10-19,merged,1,5.0,medium_2_10d,0
1292,292,292,2026-10-20,2026-10-27,2026-10-28,merged,594,5,3,1,1,5.0,2,1,2026-10-20,merged,1,7.0,medium_2_10d,1
1293,293,293,2026-10-21,2026-11-04,2026-11-05,merged,596,6,4,1,1,12.0,4,0,2026-10-21,merged,1,14.0,slow_gt_10d,0
1294,294,294,2026-10-22,,2026-11-12,closed,598,0,5,1,0,18.0,5,0,2026-10-22,closed,0,,slow_gt_10d,0
1295,295,295,2026-10-23,,2026-10-27,closed,600,1,1,1,0,1.0,1,0,2026-10-23,closed,0,,fast_le_2d,0
1296,296,296,2026-10-24,2026-10-29,2026-10-30,merged,602,2,2,1,1,3.0,1,1,2026-10-24,merged,1,5.0,medium_2_10d,1
1297,297,297,2026-10-25,2026-11-01,2026-11-02,merged,604,3,3,1,1,5.0,2,1,2026-10-25,merged,1,7.0,medium_2_10d,0
1298,298,298,2026-10-26,2026-11-09,2026-11-10,merged,606,4,4,1,1,12.0,4,0,2026-10-26,merged,1,14.0,slow_gt_10d,0
1299,299,299,2026-10-27,2026-11-16,2026-11-17,merged,608,5,5,1,1,18.0,5,0,2026-10-27,merged,1,20.0,slow_gt_10d,0
1300,300,300,2026-10-28,,2026-11-01,closed,610,6,1,1,0,1.0,1,0,2026-10-28,closed,0,,fast_le_2d,1
1301,301,301,2026-10-29,,2026-11-04,closed,612,0,2,1,0,3.0,1,0,2026-10-29,closed,0,,medium_2_10d,0
1302,302,302,2026-10-30,2026-11-06,2026-11-07,merged,614,1,3,1,1,5.0,2,1,2026-10-30,merged,1,7.0,medium_2_10d,0
1303,303,303,2026-10-31,2026-11-14,2026-11-15,merged,616,2,4,1,1,12.0,4,0,2026-10-31,merged,1,14.0,slow_gt_10d,0
1304,304,304,2026-11-01,2026-11-21,2026-11-22,merged,618,3,5,1,1,18.0,5,0,2026-11-01,merged,1,20.0,slow_gt_10d,1
1305,305,305,2026-11-02,2026-11-05,2026-11-06,merged,620,4,1,1,1,1.0,1,1,2026-11-02,merged,1,3.0,fast_le_2d,0
1306,306,306,2026-11-03,,2026-11-09,closed,622,5,2,1,0,3.0,1,0,2026-11-03,closed,0,,medium_2_10d,0
1307,307,307,2026-11-04,,2026-11-12,closed,624,6,3,1,0,5.0,2,0,2026-11-04,closed,0,,medium_2_10d,0
1308,308,308,2026-11-05,2026-11-19,2026-11-20,merged,626,0,4,1,1,12.0,4,0,2026-11-05,merged,1,14.0,slow_gt_10d,1
1309,309,309,2026-11-06,2026-11-26,2026-11-27,merged,628,1,5,1,1,18.0,5,0,2026-11-06,merged,1,20.0,slow_gt_10d,0
1310,310,310,2026-11-07,2026-11-10,2026-11-11,merged,630,2,1,1,1,1.0,1,1,2026-11-07,merged,1,3.0,fast_le_2d,0
1311,311,311,2026-11-08,2026-11-13,2026-11-14,merged,632,3,2,1,1,3.0,1,1,2026-11-08,merged,1,5.0,medium_2_10d,0
1312,312,312,2026-11-09,,2026-11-17,closed,634,4,3,1,0,5.0,2,0,2026-11-09,closed,0,,medium_2_10d,1
1313,313,313,2026-11-10,,2026-11-25,closed,636,5,4,1,0,12.0,4,0,2026-11-10,closed,0,,slow_gt_10d,0
1314,314,314,2026-11-11,2026-12-01,2026-12-02,merged,638,6,5,1,1,18.0,5,0,2026-11-11,merged,1,20.0,slow_gt_10d,0
1315,315,315,2026-11-12,2026-11-15,2026-11-16,merged,640,0,1,1,1,1.0,1,1,2026-11-12,merged,1,3.0,fast_le_2d,0
1316,316,316,2026-11-13,2026-11-18,2026-11-19,merged,642,1,2,1,1,3.0,1,1,2026-11-13,merged,1,5.0,medium_2_10d,1
1317,317,317,2026-11-14,2026-11-21,2026-11-22,merged,644,2,3,1,1,5.0,2,1,2026-11-14,merged,1,7.0,medium_2_10d,0
1318,318,318,2026-11-15,,2026-11-30,closed,646,3,4,1,0,12.0,4,0,2026-11-15,closed,0,,slow_gt_10d,0
1319,319,319,2026-11-16,,2026-12-07,closed,648,4,5,1,0,18.0,5,0,2026-11-16,closed,0,,slow_gt_10d,0
1320,320,320,2026-11-17,2026-11-20,2026-11-21,merged,650,5,1,1,1,1.0,1,1,2026-11-17,merged,1,3.0,fast_le_2d,1
1321,321,321,2026-11-18,2026-11-23,2026-11-24,merged,652,6,2,1,1,3.0,1,1,2026-11-18,merged,1,5.0,medium_2_10d,0
1322,322,322,2026-11-19,2026-11-26,2026-11-27,merged,654,0,3,1,1,5.0,2,1,2026-11-19,merged,1,7.0,medium_2_10d,0
1323,323,323,2026-11-20,2026-12-04,2026-12-05,merged,656,1,4,1,1,12.0,4,0,2026-11-20,merged,1,14.0,slow_gt_10d,0
1324,324,324,2026-11-21,,2026-12-12,closed,658,2,5,1,0,18.0,5,0,2026-11-21,closed,0,,slow_gt_10d,1
1325,325,325,2026-11-22,,2026-11-26,closed,660,3,1,1,0,1.0,1,0,2026-11-22,closed,0,,fast_le_2d,0
1326,326,326,2026-11-23,2026-11-28,2026-11-29,merged,662,4,2,1,1,3.0,1,1,2026-11-23,merged,1,5.0,medium_2_10d,0
1327,327,327,2026-11-24,2026-12-01,2026-12-02,merged,664,5,3,1,1,5.0,2,1,2026-11-24,merged,1,7.0,medium_2_10d,0
1328,328,328,2026-11-25,2026-12-09,2026-12-10,merged,666,6,4,1,1,12.0,4,0,2026-11-25,merged,1,14.0,slow_gt_10d,1
1329,329,329,2026-11-26,2026-12-16,2026-12-17,merged,668,0,5,1,1,18.0,5,0,2026-11-26,merged,1,20.0,slow_gt_10d,0
1330,330,330,2026-11-27,,2026-12-01,closed,670,1,1,1,0,1.0,1,0,2026-11-27,closed,0,,fast_le_2d,0
1331,331,331,2026-11-28,,2026-12-04,closed,672,2,2,1,0,3.0,1,0,2026-11-28,closed,0,,medium_2_10d,0
1332,332,332,2026-11-29,2026-12-06,2026-12-07,merged,674,3,3,1,1,5.0,2,1,2026-11-29,merged,1,7.0,medium_2_10d,1
1333,333,333,2026-11-30,2026-12-14,2026-12-15,merged,676,4,4,1,1,12.0,4,0,2026-11-30,merged,1,14.0,slow_gt_10d,0
1334,334,334,2026-12-01,2026-12-21,2026-12-22,merged,678,5,5,1,1,18.0,5,0,2026-12-01,merged,1,20.0,slow_gt_10d,0
1335,335,335,2026-12-02,2026-12-05,2026-12-06,merged,680,6,1,1,1,1.0,1,1,2026-12-02,merged,1,3.0,fast_le_2d,0
1336,336,336,2026-12-03,,2026-12-09,closed,682,0,2,1,0,3.0,1,0,2026-12-03,closed,0,,medium_2_10d,1
1337,337,337,2026-12-04,,2026-12-12,closed,684,1,3,1,0,5.0,2,0,2026-12-04,closed,0,,medium_2_10d,0
1338,338,338,2026-12-05,2026-12-19,2026-12-20,merged,686,2,4,1,1,12.0,4,0,2026-12-05,merged,1,14.0,slow_gt_10d,0
1339,339,339,2026-12-06,2026-12-26,2026-12-27,merged,688,3,5,1,1,18.0,5,0,2026-12-06,merged,1,20.0,slow_gt_10d,0
1340,340,340,2026-12-07,2026-12-10,2026-12-11,merged,690,4,1,1,1,1.0,1,1,2026-12-07,merged,1,3.0,fast_le_2d,1
1341,341,341,2026-12-08,2026-12-13,2026-12-14,merged,692,5,2,1,1,3.0,1,1,2026-12-08,merged,1,5.0,medium_2_10d,0
1342,342,342,2026-12-09,,2026-12-17,closed,694,6,3,1,0,5.0,2,0,2026-12-09,closed,0,,medium_2_10d,0
1343,343,343,2026-12-10,,2026-12-25,closed,696,0,4,1,0,12.0,4,0,2026-12-10,closed,0,,slow_gt_10d,0
1344,344,344,2026-12-11,2026-12-31,2027-01-01,merged,698,1,5,1,1,18.0,5,0,2026-12-11,merged,1,20.0,slow_gt_10d,1
1345,345,345,2026-12-12,2026-12-15,2026-12-16,merged,700,2,1,1,1,1.0,1,1,2026-12-12,merged,1,3.0,fast_le_2d,0
1346,346,346,2026-12-13,2026-12-18,2026-12-19,merged,702,3,2,1,1,3.0,1,1,2026-12-13,merged,1,5.0,medium_2_10d,0
1347,347,347,2026-12-14,2026-12-21,2026-12-22,merged,704,4,3,1,1,5.0,2,1,2026-12-14,merged,1,7.0,medium_2_10d,0
1348,348,348,2026-12-15,,2026-12-30,closed,706,5,4,1,0,12.0,4,0,2026-12-15,closed,0,,slow_gt_10d,1
1349,349,349,2026-12-16,,2027-01-06,closed,708,6,5,1,0,18.0,5,0,2026-12-16,closed,0,,slow_gt_10d,0
1350,350,350,2026-12-17,2026-12-20,2026-12-21,merged,710,0,1,1,1,1.0,1,1,2026-12-17,merged,1,3.0,fast_le_2d,0
1351,351,351,2026-12-18,2026-12-23,2026-12-24,merged,712,1,2,1,1,3.0,1,1,2026-12-18,merged,1,5.0,medium_2_10d,0
1352,352,352,2026-12-19,2026-12-26,2026-12-27,merged,714,2,3,1,1,5.0,2,1,2026-12-19,merged,1,7.0,medium_2_10d,1
1353,353,353,2026-12-20,2027-01-03,2027-01-04,merged,716,3,4,1,1,12.0,4,0,2026-12-20,merged,1,14.0,slow_gt_10d,0
1354,354,354,2026-12-21,,2027-01-11,closed,718,4,5,1,0,18.0,5,0,2026-12-21,closed,0,,slow_gt_10d,0
1355,355,355,2026-12-22,,2026-12-26,closed,720,5,1,1,0,1.0,1,0,2026-12-22,closed,0,,fast_le_2d,0
1356,356,356,2026-12-23,2026-12-28,2026-12-29,merged,722,6,2,1,1,3.0,1,1,2026-12-23,merged,1,5.0,medium_2_10d,1
1357,357,357,2026-12-24,2026-12-31,2027-01-01,merged,724,0,3,1,1,5.0,2,1,2026-12-24,merged,1,7.0,medium_2_10d,0
1358,358,358,2026-12-25,2027-01-08,2027-01-09,merged,726,1,4,1,1,12.0,4,0,2026-12-25,merged,1,14.0,slow_gt_10d,0
1359,359,359,2026-12-26,2027-01-15,2027-01-16,merged,728,2,5,1,1,18.0,5,0,2026-12-26,merged,1,20.0,slow_gt_10d,0
1360,360,360,2026-12-27,,2026-12-31,closed,730,3,1,1,0,1.0,1,0,2026-12-27,closed,0,,fast_le_2d,1
1361,361,361,2026-12-28,,2027-01-03,closed,732,4,2,1,0,3.0,1,0,2026-12-28,closed,0,,medium_2_10d,0
1362,362,362,2026-12-29,2027-01-05,2027-01-06,merged,734,5,3,1,1,5.0,2,1,2026-12-29,merged,1,7.0,medium_2_10d,0
1363,363,363,2026-12-30,2027-01-13,2027-01-14,merged,736,6,4,1,1,12.0,4,0,2026-12-30,merged,1,14.0,slow_gt_10d,0
1364,364,364,2026-12-31,2027-01-20,2027-01-21,merged,738,0,5,1,1,18.0,5,0,2026-12-31,merged,1,20.0,slow_gt_10d,1
1365,365,365,2027-01-01,2027-01-04,2027-01-05,merged,740,1,1,1,1,1.0,1,1,2027-01-01,merged,1,3.0,fast_le_2d,0
1366,366,366,2027-01-02,,2027-01-08,closed,742,2,2,1,0,3.0,1,0,2027-01-02,closed,0,,medium_2_10d,0
1367,367,367,2027-01-03,,2027-01-11,closed,744,3,3,1,0,5.0,2,0,2027-01-03,closed,0,,medium_2_10d,0
1368,368,368,2027-01-04,2027-01-18,2027-01-19,merged,746,4,4,1,1,12.0,4,0,2027-01-04,merged,1,14.0,slow_gt_10d,1
1369,369,369,2027-01-05,2027-01-25,2027-01-26,merged,748,5,5,1,1,18.0,5,0,2027-01-05,merged,1,20.0,slow_gt_10d,0
1370,370,370,2027-01-06,2027-01-09,2027-01-10,merged,750,6,1,1,1,1.0,1,1,2027-01-06,merged,1,3.0,fast_le_2d,0
1371,371,371,2027-01-07,2027-01-12,2027-01-13,merged,752,0,2,1,1,3.0,1,1,2027-01-07,merged,1,5.0,medium_2_10d,0
1372,372,372,2027-01-08,,2027-01-16,closed,754,1,3,1,0,5.0,2,0,2027-01-08,closed,0,,medium_2_10d,1
1373,373,373,2027-01-09,,2027-01-24,closed,756,2,4,1,0,12.0,4,0,2027-01-09,closed,0,,slow_gt_10d,0
1374,374,374,2027-01-10,2027-01-30,2027-01-31,merged,758,3,5,1,1,18.0,5,0,2027-01-10,merged,1,20.0,slow_gt_10d,0
1375,375,375,2027-01-11,2027-01-14,2027-01-15,merged,760,4,1,1,1,1.0,1,1,2027-01-11,merged,1,3.0,fast_le_2d,0
1376,376,376,2027-01-12,2027-01-17,2027-01-18,merged,762,5,2,1,1,3.0,1,1,2027-01-12,merged,1,5.0,medium_2_10d,1
1377,377,377,2027-01-13,2027-01-20,2027-01-21,merged,764,6,3,1,1,5.0,2,1,2027-01-13,merged,1,7.0,medium_2_10d,0
1378,378,378,2027-01-14,,2027-01-29,closed,766,0,4,1,0,12.0,4,0,2027-01-14,closed,0,,slow_gt_10d,0
1379,379,379,2027-01-15,,2027-02-05,closed,768,1,5,1,0,18.0,5,0,2027-01-15,closed,0,,slow_gt_10d,0
1380,380,380,2027-01-16,2027-01-19,2027-01-20,merged,770,2,1,1,1,1.0,1,1,2027-01-16,merged,1,3.0,fast_le_2d,1
1381,381,381,2027-01-17,2027-01-22,2027-01-23,merged,772,3,2,1,1,3.0,1,1,2027-01-17,merged,1,5.0,medium_2_10d,0
1382,382,382,2027-01-18,2027-01-25,2027-01-26,merged,774,4,3,1,1,5.0,2,1,2027-01-18,merged,1,7.0,medium_2_10d,0
1383,383,383,2027-01-19,2027-02-02,2027-02-03,merged,776,5,4,1,1,12.0,4,0,2027-01-19,merged,1,14.0,slow_gt_10d,0
1384,384,384,2027-01-20,,2027-02-10,closed,778,6,5,1,0,18.0,5,0,2027-01-20,closed,0,,slow_gt_10d,1
1385,385,385,2027-01-21,,2027-01-25,closed,780,0,1,1,0,1.0,1,0,2027-01-21,closed,0,,fast_le_2d,0
1386,386,386,2027-01-22,2027-01-27,2027-01-28,merged,782,1,2,1,1,3.0,1,1,2027-01-22,merged,1,5.0,medium_2_10d,0
1387,387,387,2027-01-23,2027-01-30,2027-01-31,merged,784,2,3,1,1,5.0,2,1,2027-01-23,merged,1,7.0,medium_2_10d,0
1388,388,388,2027-01-24,2027-02-07,2027-02-08,merged,786,3,4,1,1,12.0,4,0,2027-01-24,merged,1,14.0,slow_gt_10d,1
1389,389,389,2027-01-25,2027-02-14,2027-02-15,merged,788,4,5,1,1,18.0,5,0,2027-01-25,merged,1,20.0,slow_gt_10d,0
1390,390,390,2027-01-26,,2027-01-30,closed,790,5,1,1,0,1.0,1,0,2027-01-26,closed,0,,fast_le_2d,0
1391,391,391,2027-01-27,,2027-02-02,closed,792,6,2,1,0,3.0,1,0,2027-01-27,closed,0,,medium_2_10d,0
1392,392,392,2027-01-28,2027-02-04,2027-02-05,merged,794,0,3,1,1,5.0,2,1,2027-01-28,merged,1,7.0,medium_2_10d,1
1393,393,393,2027-01-29,2027-02-12,2027-02-13,merged,796,1,4,1,1,12.0,4,0,2027-01-29,merged,1,14.0,slow_gt_10d,0
1394,394,394,2027-01-30,2027-02-19,2027-02-20,merged,798,2,5,1,1,18.0,5,0,2027-01-30,merged,1,20.0,slow_gt_10d,0
1395,395,395,2027-01-31,2027-02-03,2027-02-04,merged,800,3,1,1,1,1.0,1,1,2027-01-31,merged,1,3.0,fast_le_2d,0
1396,396,396,2027-02-01,,2027-02-07,closed,802,4,2,1,0,3.0,1,0,2027-02-01,closed,0,,medium_2_10d,1
1397,397,397,2027-02-02,,2027-02-10,closed,804,5,3,1,0,5.0,2,0,2027-02-02,closed,0,,medium_2_10d,0
1398,398,398,2027-02-03,2027-02-17,2027-02-18,merged,806,6,4,1,1,12.0,4,0,2027-02-03,merged,1,14.0,slow_gt_10d,0
1399,399,399,2027-02-04,2027-02-24,2027-02-25,merged,808,0,5,1,1,18.0,5,0,2027-02-04,merged,1,20.0,slow_gt_10d,0
1400,400,400,2027-02-05,2027-02-08,2027-02-09,merged,810,1,1,1,1,1.0,1,1,2027-02-05,merged,1,3.0,fast_le_2d,1
1401,401,401,2027-02-06,2027-02-11,2027-02-12,merged,812,2,2,1,1,3.0,1,1,2027-02-06,merged,1,5.0,medium_2_10d,0
1402,402,402,2027-02-07,,2027-02-15,closed,814,3,3,1,0,5.0,2,0,2027-02-07,closed,0,,medium_2_10d,0
1403,403,403,2027-02-08,,2027-02-23,closed,816,4,4,1,0,12.0,4,0,2027-02-08,closed,0,,slow_gt_10d,0
1404,404,404,2027-02-09,2027-03-01,2027-03-02,merged,818,5,5,1,1,18.0,5,0,2027-02-09,merged,1,20.0,slow_gt_10d,1
1405,405,405,2027-02-10,2027-02-13,2027-02-14,merged,820,6,1,1,1,1.0,1,1,2027-02-10,merged,1,3.0,fast_le_2d,0
1406,406,406,2027-02-11,2027-02-16,2027-02-17,merged,822,0,2,1,1,3.0,1,1,2027-02-11,merged,1,5.0,medium_2_10d,0
1407,407,407,2027-02-12,2027-02-19,2027-02-20,merged,824,1,3,1,1,5.0,2,1,2027-02-12,merged,1,7.0,medium_2_10d,0
1408,408,408,2027-02-13,,2027-02-28,closed,826,2,4,1,0,12.0,4,0,2027-02-13,closed,0,,slow_gt_10d,1
1409,409,409,2027-02-14,,2027-03-07,closed,828,3,5,1,0,18.0,5,0,2027-02-14,closed,0,,slow_gt_10d,0
1410,410,410,2027-02-15,2027-02-18,2027-02-19,merged,830,4,1,1,1,1.0,1,1,2027-02-15,merged,1,3.0,fast_le_2d,0
1411,411,411,2027-02-16,2027-02-21,2027-02-22,merged,832,5,2,1,1,3.0,1,1,2027-02-16,merged,1,5.0,medium_2_10d,0
1412,412,412,2027-02-17,2027-02-24,2027-02-25,merged,834,6,3,1,1,5.0,2,1,2027-02-17,merged,1,7.0,medium_2_10d,1
1413,413,413,2027-02-18,2027-03-04,2027-03-05,merged,836,0,4,1,1,12.0,4,0,2027-02-18,merged,1,14.0,slow_gt_10d,0
1414,414,414,2027-02-19,,2027-03-12,closed,838,1,5,1,0,18.0,5,0,2027-02-19,closed,0,,slow_gt_10d,0
1415,415,415,2027-02-20,,2027-02-24,closed,840,2,1,1,0,1.0,1,0,2027-02-20,closed,0,,fast_le_2d,0
1416,416,416,2027-02-21,2027-02-26,2027-02-27,merged,842,3,2,1,1,3.0,1,1,2027-02-21,merged,1,5.0,medium_2_10d,1
1417,417,417,2027-02-22,2027-03-01,2027-03-02,merged,844,4,3,1,1,5.0,2,1,2027-02-22,merged,1,7.0,medium_2_10d,0
1418,418,418,2027-02-23,2027-03-09,2027-03-10,merged,846,5,4,1,1,12.0,4,0,2027-02-23,merged,1,14.0,slow_gt_10d,0
1419,419,419,2027-02-24,2027-03-16,2027-03-17,merged,848,6,5,1,1,18.0,5,0,2027-02-24,merged,1,20.0,slow_gt_10d,0
1420,420,420,2027-02-25,,2027-03-01,closed,850,0,1,1,0,1.0,1,0,2027-02-25,closed,0,,fast_le_2d,1
1421,421,421,2027-02-26,,2027-03-04,closed,852,1,2,1,0,3.0,1,0,2027-02-26,closed,0,,medium_2_10d,0
1422,422,422,2027-02-27,2027-03-06,2027-03-07,merged,854,2,3,1,1,5.0,2,1,2027-02-27,merged,1,7.0,medium_2_10d,0
1423,423,423,2027-02-28,2027-03-14,2027-03-15,merged,856,3,4,1,1,12.0,4,0,2027-02-28,merged,1,14.0,slow_gt_10d,0
1424,424,424,2027-03-01,2027-03-21,2027-03-22,merged,858,4,5,1,1,18.0,5,0,2027-03-01,merged,1,20.0,slow_gt_10d,1
1425,425,425,2027-03-02,2027-03-05,2027-03-06,merged,860,5,1,1,1,1.0,1,1,2027-03-02,merged,1,3.0,fast_le_2d,0
1426,426,426,2027-03-03,,2027-03-09,closed,862,6,2,1,0,3.0,1,0,2027-03-03,closed,0,,medium_2_10d,0
1427,427,427,2027-03-04,,2027-03-12,closed,864,0,3,1,0,5.0,2,0,2027-03-04,closed,0,,medium_2_10d,0
1428,428,428,2027-03-05,2027-03-19,2027-03-20,merged,866,1,4,1,1,12.0,4,0,2027-03-05,merged,1,14.0,slow_gt_10d,1
1429,429,429,2027-03-06,2027-03-26,2027-03-27,merged,868,2,5,1,1,18.0,5,0,2027-03-06,merged,1,20.0,slow_gt_10d,0
1430,430,430,2027-03-07,2027-03-10,2027-03-11,merged,870,3,1,1,1,1.0,1,1,2027-03-07,merged,1,3.0,fast_le_2d,0
1431,431,431,2027-03-08,2027-03-13,2027-03-14,merged,872,4,2,1,1,3.0,1,1,2027-03-08,merged,1,5.0,medium_2_10d,0
1432,432,432,2027-03-09,,2027-03-17,closed,874,5,3,1,0,5.0,2,0,2027-03-09,closed,0,,medium_2_10d,1
1433,433,433,2027-03-10,,2027-03-25,closed,876,6,4,1,0,12.0,4,0,2027-03-10,closed,0,,slow_gt_10d,0
1434,434,434,2027-03-11,2027-03-31,2027-04-01,merged,878,0,5,1,1,18.0,5,0,2027-03-11,merged,1,20.0,slow_gt_10d,0
1435,435,435,2027-03-12,2027-03-15,2027-03-16,merged,880,1,1,1,1,1.0,1,1,2027-03-12,merged,1,3.0,fast_le_2d,0
1436,436,436,2027-03-13,2027-03-18,2027-03-19,merged,882,2,2,1,1,3.0,1,1,2027-03-13,merged,1,5.0,medium_2_10d,1
1437,437,437,2027-03-14,2027-03-21,2027-03-22,merged,884,3,3,1,1,5.0,2,1,2027-03-14,merged,1,7.0,medium_2_10d,0
1438,438,438,2027-03-15,,2027-03-30,closed,886,4,4,1,0,12.0,4,0,2027-03-15,closed,0,,slow_gt_10d,0
1439,439,439,2027-03-16,,2027-04-06,closed,888,5,5,1,0,18.0,5,0,2027-03-16,closed,0,,slow_gt_10d,0
1440,440,440,2027-03-17,2027-03-20,2027-03-21,merged,890,6,1,1,1,1.0,1,1,2027-03-17,merged,1,3.0,fast_le_2d,1
1441,441,441,2027-03-18,2027-03-23,2027-03-24,merged,892,0,2,1,1,3.0,1,1,2027-03-18,merged,1,5.0,medium_2_10d,0
1442,442,442,2027-03-19,2027-03-26,2027-03-27,merged,894,1,3,1,1,5.0,2,1,2027-03-19,merged,1,7.0,medium_2_10d,0
1443,443,443,2027-03-20,2027-04-03,2027-04-04,merged,896,2,4,1,1,12.0,4,0,2027-03-20,merged,1,14.0,slow_gt_10d,0
1444,444,444,2027-03-21,,2027-04-11,closed,898,3,5,1,0,18.0,5,0,2027-03-21,closed,0,,slow_gt_10d,1
1445,445,445,2027-03-22,,2027-03-26,closed,900,4,1,1,0,1.0,1,0,2027-03-22,closed,0,,fast_le_2d,0
1446,446,446,2027-03-23,2027-03-28,2027-03-29,merged,902,5,2,1,1,3.0,1,1,2027-03-23,merged,1,5.0,medium_2_10d,0
1447,447,447,2027-03-24,2027-03-31,2027-04-01,merged,904,6,3,1,1,5.0,2,1,2027-03-24,merged,1,7.0,medium_2_10d,0
1448,448,448,2027-03-25,2027-04-08,2027-04-09,merged,906,0,4,1,1,12.0,4,0,2027-03-25,merged,1,14.0,slow_gt_10d,1
1449,449,449,2027-03-26,2027-04-15,2027-04-16,merged,908,1,5,1,1,18.0,5,0,2027-03-26,merged,1,20.0,slow_gt_10d,0
1450,450,450,2027-03-27,,2027-03-31,closed,910,2,1,1,0,1.0,1,0,2027-03-27,closed,0,,fast_le_2d,0
1451,451,451,2027-03-28,,2027-04-03,closed,912,3,2,1,0,3.0,1,0,2027-03-28,closed,0,,medium_2_10d,0
1452,452,452,2027-03-29,2027-04-05,2027-04-06,merged,914,4,3,1,1,5.0,2,1,2027-03-29,merged,1,7.0,medium_2_10d,1
1453,453,453,2027-03-30,2027-04-13,2027-04-14,merged,916,5,4,1,1,12.0,4,0,2027-03-30,merged,1,14.0,slow_gt_10d,0
1454,454,454,2027-03-31,2027-04-20,2027-04-21,merged,918,6,5,1,1,18.0,5,0,2027-03-31,merged,1,20.0,slow_gt_10d,0
1455,455,455,2027-04-01,2027-04-04,2027-04-05,merged,920,0,1,1,1,1.0,1,1,2027-04-01,merged,1,3.0,fast_le_2d,0
1456,456,456,2027-04-02,,2027-04-08,closed,922,1,2,1,0,3.0,1,0,2027-04-02,closed,0,,medium_2_10d,1
1457,457,457,2027-04-03,,2027-04-11,closed,924,2,3,1,0,5.0,2,0,2027-04-03,closed,0,,medium_2_10d,0
1458,458,458,2027-04-04,2027-04-18,2027-04-19,merged,926,3,4,1,1,12.0,4,0,2027-04-04,merged,1,14.0,slow_gt_10d,0
1459,459,459,2027-04-05,2027-04-25,2027-04-26,merged,928,4,5,1,1,18.0,5,0,2027-04-05,merged,1,20.0,slow_gt_10d,0
1460,460,460,2027-04-06,2027-04-09,2027-04-10,merged,930,5,1,1,1,1.0,1,1,2027-04-06,merged,1,3.0,fast_le_2d,1
1461,461,461,2027-04-07,2027-04-12,2027-04-13,merged,932,6,2,1,1,3.0,1,1,2027-04-07,merged,1,5.0,medium_2_10d,0
1462,462,462,2027-04-08,,2027-04-16,closed,934,0,3,1,0,5.0,2,0,2027-04-08,closed,0,,medium_2_10d,0
1463,463,463,2027-04-09,,2027-04-24,closed,936,1,4,1,0,12.0,4,0,2027-04-09,closed,0,,slow_gt_10d,0
1464,464,464,2027-04-10,2027-04-30,2027-05-01,merged,938,2,5,1,1,18.0,5,0,2027-04-10,merged,1,20.0,slow_gt_10d,1
1465,465,465,2027-04-11,2027-04-14,2027-04-15,merged,940,3,1,1,1,1.0,1,1,2027-04-11,merged,1,3.0,fast_le_2d,0
1466,466,466,2027-04-12,2027-04-17,2027-04-18,merged,942,4,2,1,1,3.0,1,1,2027-04-12,merged,1,5.0,medium_2_10d,0
1467,467,467,2027-04-13,2027-04-20,2027-04-21,merged,944,5,3,1,1,5.0,2,1,2027-04-13,merged,1,7.0,medium_2_10d,0
1468,468,468,2027-04-14,,2027-04-29,closed,946,6,4,1,0,12.0,4,0,2027-04-14,closed,0,,slow_gt_10d,1
1469,469,469,2027-04-15,,2027-05-06,closed,948,0,5,1,0,18.0,5,0,2027-04-15,closed,0,,slow_gt_10d,0
1470,470,470,2027-04-16,2027-04-19,2027-04-20,merged,950,1,1,1,1,1.0,1,1,2027-04-16,merged,1,3.0,fast_le_2d,0
1471,471,471,2027-04-17,2027-04-22,2027-04-23,merged,952,2,2,1,1,3.0,1,1,2027-04-17,merged,1,5.0,medium_2_10d,0
1472,472,472,2027-04-18,2027-04-25,2027-04-26,merged,954,3,3,1,1,5.0,2,1,2027-04-18,merged,1,7.0,medium_2_10d,1
1473,473,473,2027-04-19,2027-05-03,2027-05-04,merged,956,4,4,1,1,12.0,4,0,2027-04-19,merged,1,14.0,slow_gt_10d,0
1474,474,474,2027-04-20,,2027-05-11,closed,958,5,5,1,0,18.0,5,0,2027-04-20,closed,0,,slow_gt_10d,0
1475,475,475,2027-04-21,,2027-04-25,closed,960,6,1,1,0,1.0,1,0,2027-04-21,closed,0,,fast_le_2d,0
1476,476,476,2027-04-22,2027-04-27,2027-04-28,merged,962,0,2,1,1,3.0,1,1,2027-04-22,merged,1,5.0,medium_2_10d,1
1477,477,477,2027-04-23,2027-04-30,2027-05-01,merged,964,1,3,1,1,5.0,2,1,2027-04-23,merged,1,7.0,medium_2_10d,0
1478,478,478,2027-04-24,2027-05-08,2027-05-09,merged,966,2,4,1,1,12.0,4,0,2027-04-24,merged,1,14.0,slow_gt_10d,0
1479,479,479,2027-04-25,2027-05-15,2027-05-16,merged,968,3,5,1,1,18.0,5,0,2027-04-25,merged,1,20.0,slow_gt_10d,0
1480,480,480,2027-04-26,,2027-04-30,closed,970,4,1,1,0,1.0,1,0,2027-04-26,closed,0,,fast_le_2d,1
1481,481,481,2027-04-27,,2027-05-03,closed,972,5,2,1,0,3.0,1,0,2027-04-27,closed,0,,medium_2_10d,0
1482,482,482,2027-04-28,2027-05-05,2027-05-06,merged,974,6,3,1,1,5.0,2,1,2027-04-28,merged,1,7.0,medium_2_10d,0
1483,483,483,2027-04-29,2027-05-13,2027-05-14,merged,976,0,4,1,1,12.0,4,0,2027-04-29,merged,1,14.0,slow_gt_10d,0
1484,484,484,2027-04-30,2027-05-20,2027-05-21,merged,978,1,5,1,1,18.0,5,0,2027-04-30,merged,1,20.0,slow_gt_10d,1
1485,485,485,2027-05-01,2027-05-04,2027-05-05,merged,980,2,1,1,1,1.0,1,1,2027-05-01,merged,1,3.0,fast_le_2d,0
1486,486,486,2027-05-02,,2027-05-08,closed,982,3,2,1,0,3.0,1,0,2027-05-02,closed,0,,medium_2_10d,0
1487,487,487,2027-05-03,,2027-05-11,closed,984,4,3,1,0,5.0,2,0,2027-05-03,closed,0,,medium_2_10d,0
1488,488,488,2027-05-04,2027-05-18,2027-05-19,merged,986,5,4,1,1,12.0,4,0,2027-05-04,merged,1,14.0,slow_gt_10d,1
1489,489,489,2027-05-05,2027-05-25,2027-05-26,merged,988,6,5,1,1,18.0,5,0,2027-05-05,merged,1,20.0,slow_gt_10d,0
1490,490,490,2027-05-06,2027-05-09,2027-05-10,merged,990,0,1,1,1,1.0,1,1,2027-05-06,merged,1,3.0,fast_le_2d,0
1491,491,491,2027-05-07,2027-05-12,2027-05-13,merged,992,1,2,1,1,3.0,1,1,2027-05-07,merged,1,5.0,medium_2_10d,0
1492,492,492,2027-05-08,,2027-05-16,closed,994,2,3,1,0,5.0,2,0,2027-05-08,closed,0,,medium_2_10d,1
1493,493,493,2027-05-09,,2027-05-24,closed,996,3,4,1,0,12.0,4,0,2027-05-09,closed,0,,slow_gt_10d,0
1494,494,494,2027-05-10,2027-05-30,2027-05-31,merged,998,4,5,1,1,18.0,5,0,2027-05-10,merged,1,20.0,slow_gt_10d,0
1495,495,495,2027-05-11,2027-05-14,2027-05-15,merged,1000,5,1,1,1,1.0,1,1,2027-05-11,merged,1,3.0,fast_le_2d,0
1496,496,496,2027-05-12,2027-05-17,2027-05-18,merged,1002,6,2,1,1,3.0,1,1,2027-05-12,merged,1,5.0,medium_2_10d,1
1497,497,497,2027-05-13,2027-05-20,2027-05-21,merged,1004,0,3,1,1,5.0,2,1,2027-05-13,merged,1,7.0,medium_2_10d,0
1498,498,498,2027-05-14,,2027-05-29,closed,1006,1,4,1,0,12.0,4,0,2027-05-14,closed,0,,slow_gt_10d,0
1499,499,499,2027-05-15,,2027-06-05,closed,1008,2,5,1,0,18.0,5,0,2027-05-15,closed,0,,slow_gt_10d,0
1500,500,500,2027-05-16,2027-05-19,2027-05-20,merged,1010,3,1,1,1,1.0,1,1,2027-05-16,merged,1,3.0,fast_le_2d,1
1501,501,501,2027-05-17,2027-05-22,2027-05-23,merged,1012,4,2,1,1,3.0,1,1,2027-05-17,merged,1,5.0,medium_2_10d,0
1502,502,502,2027-05-18,2027-05-25,2027-05-26,merged,1014,5,3,1,1,5.0,2,1,2027-05-18,merged,1,7.0,medium_2_10d,0
1503,503,503,2027-05-19,2027-06-02,2027-06-03,merged,1016,6,4,1,1,12.0,4,0,2027-05-19,merged,1,14.0,slow_gt_10d,0
1504,504,504,2027-05-20,,2027-06-10,closed,1018,0,5,1,0,18.0,5,0,2027-05-20,closed,0,,slow_gt_10d,1
1505,505,505,2027-05-21,,2027-05-25,closed,1020,1,1,1,0,1.0,1,0,2027-05-21,closed,0,,fast_le_2d,0
1506,506,506,2027-05-22,2027-05-27,2027-05-28,merged,1022,2,2,1,1,3.0,1,1,2027-05-22,merged,1,5.0,medium_2_10d,0
1507,507,507,2027-05-23,2027-05-30,2027-05-31,merged,1024,3,3,1,1,5.0,2,1,2027-05-23,merged,1,7.0,medium_2_10d,0
1508,508,508,2027-05-24,2027-06-07,2027-06-08,merged,1026,4,4,1,1,12.0,4,0,2027-05-24,merged,1,14.0,slow_gt_10d,1
1509,509,509,2027-05-25,2027-06-14,2027-06-15,merged,1028,5,5,1,1,18.0,5,0,2027-05-25,merged,1,20.0,slow_gt_10d,0
1510,510,510,2027-05-26,,2027-05-30,closed,1030,6,1,1,0,1.0,1,0,2027-05-26,closed,0,,fast_le_2d,0
1511,511,511,2027-05-27,,2027-06-02,closed,1032,0,2,1,0,3.0,1,0,2027-05-27,closed,0,,medium_2_10d,0
1512,512,512,2027-05-28,2027-06-04,2027-06-05,merged,1034,1,3,1,1,5.0,2,1,2027-05-28,merged,1,7.0,medium_2_10d,1
1513,513,513,2027-05-29,2027-06-12,2027-06-13,merged,1036,2,4,1,1,12.0,4,0,2027-05-29,merged,1,14.0,slow_gt_10d,0
1514,514,514,2027-05-30,2027-06-19,2027-06-20,merged,1038,3,5,1,1,18.0,5,0,2027-05-30,merged,1,20.0,slow_gt_10d,0
1515,515,515,2027-05-31,2027-06-03,2027-06-04,merged,1040,4,1,1,1,1.0,1,1,2027-05-31,merged,1,3.0,fast_le_2d,0
1516,516,516,2027-06-01,,2027-06-07,closed,1042,5,2,1,0,3.0,1,0,2027-06-01,closed,0,,medium_2_10d,1
1517,517,517,2027-06-02,,2027-06-10,closed,1044,6,3,1,0,5.0,2,0,2027-06-02,closed,0,,medium_2_10d,0
1518,518,518,2027-06-03,2027-06-17,2027-06-18,merged,1046,0,4,1,1,12.0,4,0,2027-06-03,merged,1,14.0,slow_gt_10d,0
1519,519,519,2027-06-04,2027-06-24,2027-06-25,merged,1048,1,5,1,1,18.0,5,0,2027-06-04,merged,1,20.0,slow_gt_10d,0
1520,520,520,2027-06-05,2027-06-08,2027-06-09,merged,1050,2,1,1,1,1.0,1,1,2027-06-05,merged,1,3.0,fast_le_2d,1
1521,521,521,2027-06-06,2027-06-11,2027-06-12,merged,1052,3,2,1,1,3.0,1,1,2027-06-06,merged,1,5.0,medium_2_10d,0
1522,522,522,2027-06-07,,2027-06-15,closed,1054,4,3,1,0,5.0,2,0,2027-06-07,closed,0,,medium_2_10d,0
1523,523,523,2027-06-08,,2027-06-23,closed,1056,5,4,1,0,12.0,4,0,2027-06-08,closed,0,,slow_gt_10d,0
1524,524,524,2027-06-09,2027-06-29,2027-06-30,merged,1058,6,5,1,1,18.0,5,0,2027-06-09,merged,1,20.0,slow_gt_10d,1
1525,525,525,2027-06-10,2027-06-13,2027-06-14,merged,1060,0,1,1,1,1.0,1,1,2027-06-10,merged,1,3.0,fast_le_2d,0
1526,526,526,2027-06-11,2027-06-16,2027-06-17,merged,1062,1,2,1,1,3.0,1,1,2027-06-11,merged,1,5.0,medium_2_10d,0
1527,527,527,2027-06-12,2027-06-19,2027-06-20,merged,1064,2,3,1,1,5.0,2,1,2027-06-12,merged,1,7.0,medium_2_10d,0
1528,528,528,2027-06-13,,2027-06-28,closed,1066,3,4,1,0,12.0,4,0,2027-06-13,closed,0,,slow_gt_10d,1
1529,529,529,2027-06-14,,2027-07-05,closed,1068,4,5,1,0,18.0,5,0,2027-06-14,closed,0,,slow_gt_10d,0
1530,530,530,2027-06-15,2027-06-18,2027-06-19,merged,1070,5,1,1,1,1.0,1,1,2027-06-15,merged,1,3.0,fast_le_2d,0
1531,531,531,2027-06-16,2027-06-21,2027-06-22,merged,1072,6,2,1,1,3.0,1,1,2027-06-16,merged,1,5.0,medium_2_10d,0
1532,532,532,2027-06-17,2027-06-24,2027-06-25,merged,1074,0,3,1,1,5.0,2,1,2027-06-17,merged,1,7.0,medium_2_10d,1
1533,533,533,2027-06-18,2027-07-02,2027-07-03,merged,1076,1,4,1,1,12.0,4,0,2027-06-18,merged,1,14.0,slow_gt_10d,0
1534,534,534,2027-06-19,,2027-07-10,closed,1078,2,5,1,0,18.0,5,0,2027-06-19,closed,0,,slow_gt_10d,0
1535,535,535,2027-06-20,,2027-06-24,closed,1080,3,1,1,0,1.0,1,0,2027-06-20,closed,0,,fast_le_2d,0
1536,536,536,2027-06-21,2027-06-26,2027-06-27,merged,1082,4,2,1,1,3.0,1,1,2027-06-21,merged,1,5.0,medium_2_10d,1
1537,537,537,2027-06-22,2027-06-29,2027-06-30,merged,1084,5,3,1,1,5.0,2,1,2027-06-22,merged,1,7.0,medium_2_10d,0
1538,538,538,2027-06-23,2027-07-07,2027-07-08,merged,1086,6,4,1,1,12.0,4,0,2027-06-23,merged,1,14.0,slow_gt_10d,0
1539,539,539,2027-06-24,2027-07-14,2027-07-15,merged,1088,0,5,1,1,18.0,5,0,2027-06-24,merged,1,20.0,slow_gt_10d,0
1540,540,540,2027-06-25,,2027-06-29,closed,1090,1,1,1,0,1.0,1,0,2027-06-25,closed,0,,fast_le_2d,1
1541,541,541,2027-06-26,,2027-07-02,closed,1092,2,2,1,0,3.0,1,0,2027-06-26,closed,0,,medium_2_10d,0
1542,542,542,2027-06-27,2027-07-04,2027-07-05,merged,1094,3,3,1,1,5.0,2,1,2027-06-27,merged,1,7.0,medium_2_10d,0
1543,543,543,2027-06-28,2027-07-12,2027-07-13,merged,1096,4,4,1,1,12.0,4,0,2027-06-28,merged,1,14.0,slow_gt_10d,0
1544,544,544,2027-06-29,2027-07-19,2027-07-20,merged,1098,5,5,1,1,18.0,5,0,2027-06-29,merged,1,20.0,slow_gt_10d,1
1545,545,545,2027-06-30,2027-07-03,2027-07-04,merged,1100,6,1,1,1,1.0,1,1,2027-06-30,merged,1,3.0,fast_le_2d,0
1546,546,546,2027-07-01,,2027-07-07,closed,1102,0,2,1,0,3.0,1,0,2027-07-01,closed,0,,medium_2_10d,0
1547,547,547,2027-07-02,,2027-07-10,closed,1104,1,3,1,0,5.0,2,0,2027-07-02,closed,0,,medium_2_10d,0
1548,548,548,2027-07-03,2027-07-17,2027-07-18,merged,1106,2,4,1,1,12.0,4,0,2027-07-03,merged,1,14.0,slow_gt_10d,1
1549,549,549,2027-07-04,2027-07-24,2027-07-25,merged,1108,3,5,1,1,18.0,5,0,2027-07-04,merged,1,20.0,slow_gt_10d,0
1550,550,550,2027-07-05,2027-07-08,2027-07-09,merged,1110,4,1,1,1,1.0,1,1,2027-07-05,merged,1,3.0,fast_le_2d,0
1551,551,551,2027-07-06,2027-07-11,2027-07-12,merged,1112,5,2,1,1,3.0,1,1,2027-07-06,merged,1,5.0,medium_2_10d,0
1552,552,552,2027-07-07,,2027-07-15,closed,1114,6,3,1,0,5.0,2,0,2027-07-07,closed,0,,medium_2_10d,1
1553,553,553,2027-07-08,,2027-07-23,closed,1116,0,4,1,0,12.0,4,0,2027-07-08,closed,0,,slow_gt_10d,0
1554,554,554,2027-07-09,2027-07-29,2027-07-30,merged,1118,1,5,1,1,18.0,5,0,2027-07-09,merged,1,20.0,slow_gt_10d,0
1555,555,555,2027-07-10,2027-07-13,2027-07-14,merged,1120,2,1,1,1,1.0,1,1,2027-07-10,merged,1,3.0,fast_le_2d,0
1556,556,556,2027-07-11,2027-07-16,2027-07-17,merged,1122,3,2,1,1,3.0,1,1,2027-07-11,merged,1,5.0,medium_2_10d,1
1557,557,557,2027-07-12,2027-07-19,2027-07-20,merged,1124,4,3,1,1,5.0,2,1,2027-07-12,merged,1,7.0,medium_2_10d,0
1558,558,558,2027-07-13,,2027-07-28,closed,1126,5,4,1,0,12.0,4,0,2027-07-13,closed,0,,slow_gt_10d,0
1559,559,559,2027-07-14,,2027-08-04,closed,1128,6,5,1,0,18.0,5,0,2027-07-14,closed,0,,slow_gt_10d,0
1560,560,560,2027-07-15,2027-07-18,2027-07-19,merged,1130,0,1,1,1,1.0,1,1,2027-07-15,merged,1,3.0,fast_le_2d,1
1561,561,561,2027-07-16,2027-07-21,2027-07-22,merged,1132,1,2,1,1,3.0,1,1,2027-07-16,merged,1,5.0,medium_2_10d,0
1562,562,562,2027-07-17,2027-07-24,2027-07-25,merged,1134,2,3,1,1,5.0,2,1,2027-07-17,merged,1,7.0,medium_2_10d,0
1563,563,563,2027-07-18,2027-08-01,2027-08-02,merged,1136,3,4,1,1,12.0,4,0,2027-07-18,merged,1,14.0,slow_gt_10d,0
1564,564,564,2027-07-19,,2027-08-09,closed,1138,4,5,1,0,18.0,5,0,2027-07-19,closed,0,,slow_gt_10d,1
1565,565,565,2027-07-20,,2027-07-24,closed,1140,5,1,1,0,1.0,1,0,2027-07-20,closed,0,,fast_le_2d,0
1566,566,566,2027-07-21,2027-07-26,2027-07-27,merged,1142,6,2,1,1,3.0,1,1,2027-07-21,merged,1,5.0,medium_2_10d,0
1567,567,567,2027-07-22,2027-07-29,2027-07-30,merged,1144,0,3,1,1,5.0,2,1,2027-07-22,merged,1,7.0,medium_2_10d,0
1568,568,568,2027-07-23,2027-08-06,2027-08-07,merged,1146,1,4,1,1,12.0,4,0,2027-07-23,merged,1,14.0,slow_gt_10d,1
1569,569,569,2027-07-24,2027-08-13,2027-08-14,merged,1148,2,5,1,1,18.0,5,0,2027-07-24,merged,1,20.0,slow_gt_10d,0
1570,570,570,2027-07-25,,2027-07-29,closed,1150,3,1,1,0,1.0,1,0,2027-07-25,closed,0,,fast_le_2d,0
1571,571,571,2027-07-26,,2027-08-01,closed,1152,4,2,1,0,3.0,1,0,2027-07-26,closed,0,,medium_2_10d,0
1572,572,572,2027-07-27,2027-08-03,2027-08-04,merged,1154,5,3,1,1,5.0,2,1,2027-07-27,merged,1,7.0,medium_2_10d,1
1573,573,573,2027-07-28,2027-08-11,2027-08-12,merged,1156,6,4,1,1,12.0,4,0,2027-07-28,merged,1,14.0,slow_gt_10d,0
1574,574,574,2027-07-29,2027-08-18,2027-08-19,merged,1158,0,5,1,1,18.0,5,0,2027-07-29,merged,1,20.0,slow_gt_10d,0
1575,575,575,2027-07-30,2027-08-02,2027-08-03,merged,1160,1,1,1,1,1.0,1,1,2027-07-30,merged,1,3.0,fast_le_2d,0
1576,576,576,2027-07-31,,2027-08-06,closed,1162,2,2,1,0,3.0,1,0,2027-07-31,closed,0,,medium_2_10d,1
1577,577,577,2027-08-01,,2027-08-09,closed,1164,3,3,1,0,5.0,2,0,2027-08-01,closed,0,,medium_2_10d,0
1578,578,578,2027-08-02,2027-08-16,2027-08-17,merged,1166,4,4,1,1,12.0,4,0,2027-08-02,merged,1,14.0,slow_gt_10d,0
1579,579,579,2027-08-03,2027-08-23,2027-08-24,merged,1168,5,5,1,1,18.0,5,0,2027-08-03,merged,1,20.0,slow_gt_10d,0
1580,580,580,2027-08-04,2027-08-07,2027-08-08,merged,1170,6,1,1,1,1.0,1,1,2027-08-04,merged,1,3.0,fast_le_2d,1
1581,581,581,2027-08-05,2027-08-10,2027-08-11,merged,1172,0,2,1,1,3.0,1,1,2027-08-05,merged,1,5.0,medium_2_10d,0
1582,582,582,2027-08-06,,2027-08-14,closed,1174,1,3,1,0,5.0,2,0,2027-08-06,closed,0,,medium_2_10d,0
1583,583,583,2027-08-07,,2027-08-22,closed,1176,2,4,1,0,12.0,4,0,2027-08-07,closed,0,,slow_gt_10d,0
1584,584,584,2027-08-08,2027-08-28,2027-08-29,merged,1178,3,5,1,1,18.0,5,0,2027-08-08,merged,1,20.0,slow_gt_10d,1
1585,585,585,2027-08-09,2027-08-12,2027-08-13,merged,1180,4,1,1,1,1.0,1,1,2027-08-09,merged,1,3.0,fast_le_2d,0
1586,586,586,2027-08-10,2027-08-15,2027-08-16,merged,1182,5,2,1,1,3.0,1,1,2027-08-10,merged,1,5.0,medium_2_10d,0
1587,587,587,2027-08-11,2027-08-18,2027-08-19,merged,1184,6,3,1,1,5.0,2,1,2027-08-11,merged,1,7.0,medium_2_10d,0
1588,588,588,2027-08-12,,2027-08-27,closed,1186,0,4,1,0,12.0,4,0,2027-08-12,closed,0,,slow_gt_10d,1
1589,589,589,2027-08-13,,2027-09-03,closed,1188,1,5,1,0,18.0,5,0,2027-08-13,closed,0,,slow_gt_10d,0
1590,590,590,2027-08-14,2027-08-17,2027-08-18,merged,1190,2,1,1,1,1.0,1,1,2027-08-14,merged,1,3.0,fast_le_2d,0
1591,591,591,2027-08-15,2027-08-20,2027-08-21,merged,1192,3,2,1,1,3.0,1,1,2027-08-15,merged,1,5.0,medium_2_10d,0
1592,592,592,2027-08-16,2027-08-23,2027-08-24,merged,1194,4,3,1,1,5.0,2,1,2027-08-16,merged,1,7.0,medium_2_10d,1
1593,593,593,2027-08-17,2027-08-31,2027-09-01,merged,1196,5,4,1,1,12.0,4,0,2027-08-17,merged,1,14.0,slow_gt_10d,0
1594,594,594,2027-08-18,,2027-09-08,closed,1198,6,5,1,0,18.0,5,0,2027-08-18,closed,0,,slow_gt_10d,0
1595,595,595,2027-08-19,,2027-08-23,closed,1200,0,1,1,0,1.0,1,0,2027-08-19,closed,0,,fast_le_2d,0
1596,596,596,2027-08-20,2027-08-25,2027-08-26,merged,1202,1,2,1,1,3.0,1,1,2027-08-20,merged,1,5.0,medium_2_10d,1
1597,597,597,2027-08-21,2027-08-28,2027-08-29,merged,1204,2,3,1,1,5.0,2,1,2027-08-21,merged,1,7.0,medium_2_10d,0
1598,598,598,2027-08-22,2027-09-05,2027-09-06,merged,1206,3,4,1,1,12.0,4,0,2027-08-22,merged,1,14.0,slow_gt_10d,0
1599,599,599,2027-08-23,2027-09-12,2027-09-13,merged,1208,4,5,1,1,18.0,5,0,2027-08-23,merged,1,20.0,slow_gt_10d,0
1600,600,600,2027-08-24,,2027-08-28,closed,1210,5,1,1,0,1.0,1,0,2027-08-24,closed,0,,fast_le_2d,1
1601,601,601,2027-08-25,,2027-08-31,closed,1212,6,2,1,0,3.0,1,0,2027-08-25,closed,0,,medium_2_10d,0
1602,602,602,2027-08-26,2027-09-02,2027-09-03,merged,1214,0,3,1,1,5.0,2,1,2027-08-26,merged,1,7.0,medium_2_10d,0
1603,603,603,2027-08-27,2027-09-10,2027-09-11,merged,1216,1,4,1,1,12.0,4,0,2027-08-27,merged,1,14.0,slow_gt_10d,0
1604,604,604,2027-08-28,2027-09-17,2027-09-18,merged,1218,2,5,1,1,18.0,5,0,2027-08-28,merged,1,20.0,slow_gt_10d,1
1605,605,605,2027-08-29,2027-09-01,2027-09-02,merged,1220,3,1,1,1,1.0,1,1,2027-08-29,merged,1,3.0,fast_le_2d,0
1606,606,606,2027-08-30,,2027-09-05,closed,1222,4,2,1,0,3.0,1,0,2027-08-30,closed,0,,medium_2_10d,0
1607,607,607,2027-08-31,,2027-09-08,closed,1224,5,3,1,0,5.0,2,0,2027-08-31,closed,0,,medium_2_10d,0
1608,608,608,2027-09-01,2027-09-15,2027-09-16,merged,1226,6,4,1,1,12.0,4,0,2027-09-01,merged,1,14.0,slow_gt_10d,1
1609,609,609,2027-09-02,2027-09-22,2027-09-23,merged,1228,0,5,1,1,18.0,5,0,2027-09-02,merged,1,20.0,slow_gt_10d,0
1610,610,610,2027-09-03,2027-09-06,2027-09-07,merged,1230,1,1,1,1,1.0,1,1,2027-09-03,merged,1,3.0,fast_le_2d,0
1611,611,611,2027-09-04,2027-09-09,2027-09-10,merged,1232,2,2,1,1,3.0,1,1,2027-09-04,merged,1,5.0,medium_2_10d,0
1612,612,612,2027-09-05,,2027-09-13,closed,1234,3,3,1,0,5.0,2,0,2027-09-05,closed,0,,medium_2_10d,1
1613,613,613,2027-09-06,,2027-09-21,closed,1236,4,4,1,0,12.0,4,0,2027-09-06,closed,0,,slow_gt_10d,0
1614,614,614,2027-09-07,2027-09-27,2027-09-28,merged,1238,5,5,1,1,18.0,5,0,2027-09-07,merged,1,20.0,slow_gt_10d,0
1615,615,615,2027-09-08,2027-09-11,2027-09-12,merged,1240,6,1,1,1,1.0,1,1,2027-09-08,merged,1,3.0,fast_le_2d,0
1616,616,616,2027-09-09,2027-09-14,2027-09-15,merged,1242,0,2,1,1,3.0,1,1,2027-09-09,merged,1,5.0,medium_2_10d,1
1617,617,617,2027-09-10,2027-09-17,2027-09-18,merged,1244,1,3,1,1,5.0,2,1,2027-09-10,merged,1,7.0,medium_2_10d,0
1618,618,618,2027-09-11,,2027-09-26,closed,1246,2,4,1,0,12.0,4,0,2027-09-11,closed,0,,slow_gt_10d,0
1619,619,619,2027-09-12,,2027-10-03,closed,1248,3,5,1,0,18.0,5,0,2027-09-12,closed,0,,slow_gt_10d,0
1620,620,620,2027-09-13,2027-09-16,2027-09-17,merged,1250,4,1,1,1,1.0,1,1,2027-09-13,merged,1,3.0,fast_le_2d,1
1621,621,621,2027-09-14,2027-09-19,2027-09-20,merged,1252,5,2,1,1,3.0,1,1,2027-09-14,merged,1,5.0,medium_2_10d,0
1622,622,622,2027-09-15,2027-09-22,2027-09-23,merged,1254,6,3,1,1,5.0,2,1,2027-09-15,merged,1,7.0,medium_2_10d,0
1623,623,623,2027-09-16,2027-09-30,2027-10-01,merged,1256,0,4,1,1,12.0,4,0,2027-09-16,merged,1,14.0,slow_gt_10d,0
1624,624,624,2027-09-17,,2027-10-08,closed,1258,1,5,1,0,18.0,5,0,2027-09-17,closed,0,,slow_gt_10d,1
1625,625,625,2027-09-18,,2027-09-22,closed,1260,2,1,1,0,1.0,1,0,2027-09-18,closed,0,,fast_le_2d,0
1626,626,626,2027-09-19,2027-09-24,2027-09-25,merged,1262,3,2,1,1,3.0,1,1,2027-09-19,merged,1,5.0,medium_2_10d,0
1627,627,627,2027-09-20,2027-09-27,2027-09-28,merged,1264,4,3,1,1,5.0,2,1,2027-09-20,merged,1,7.0,medium_2_10d,0
1628,628,628,2027-09-21,2027-10-05,2027-10-06,merged,1266,5,4,1,1,12.0,4,0,2027-09-21,merged,1,14.0,slow_gt_10d,1
1629,629,629,2027-09-22,2027-10-12,2027-10-13,merged,1268,6,5,1,1,18.0,5,0,2027-09-22,merged,1,20.0,slow_gt_10d,0
1630,630,630,2027-09-23,,2027-09-27,closed,1270,0,1,1,0,1.0,1,0,2027-09-23,closed,0,,fast_le_2d,0
1631,631,631,2027-09-24,,2027-09-30,closed,1272,1,2,1,0,3.0,1,0,2027-09-24,closed,0,,medium_2_10d,0
1632,632,632,2027-09-25,2027-10-02,2027-10-03,merged,1274,2,3,1,1,5.0,2,1,2027-09-25,merged,1,7.0,medium_2_10d,1
1633,633,633,2027-09-26,2027-10-10,2027-10-11,merged,1276,3,4,1,1,12.0,4,0,2027-09-26,merged,1,14.0,slow_gt_10d,0
1634,634,634,2027-09-27,2027-10-17,2027-10-18,merged,1278,4,5,1,1,18.0,5,0,2027-09-27,merged,1,20.0,slow_gt_10d,0
1635,635,635,2027-09-28,2027-10-01,2027-10-02,merged,1280,5,1,1,1,1.0,1,1,2027-09-28,merged,1,3.0,fast_le_2d,0
1636,636,636,2027-09-29,,2027-10-05,closed,1282,6,2,1,0,3.0,1,0,2027-09-29,closed,0,,medium_2_10d,1
1637,637,637,2027-09-30,,2027-10-08,closed,1284,0,3,1,0,5.0,2,0,2027-09-30,closed,0,,medium_2_10d,0
1638,638,638,2027-10-01,2027-10-15,2027-10-16,merged,1286,1,4,1,1,12.0,4,0,2027-10-01,merged,1,14.0,slow_gt_10d,0
1639,639,639,2027-10-02,2027-10-22,2027-10-23,merged,1288,2,5,1,1,18.0,5,0,2027-10-02,merged,1,20.0,slow_gt_10d,0
1640,640,640,2027-10-03,2027-10-06,2027-10-07,merged,1290,3,1,1,1,1.0,1,1,2027-10-03,merged,1,3.0,fast_le_2d,1
1641,641,641,2027-10-04,2027-10-09,2027-10-10,merged,1292,4,2,1,1,3.0,1,1,2027-10-04,merged,1,5.0,medium_2_10d,0
1642,642,642,2027-10-05,,2027-10-13,closed,1294,5,3,1,0,5.0,2,0,2027-10-05,closed,0,,medium_2_10d,0
1643,643,643,2027-10-06,,2027-10-21,closed,1296,6,4,1,0,12.0,4,0,2027-10-06,closed,0,,slow_gt_10d,0
1644,644,644,2027-10-07,2027-10-27,2027-10-28,merged,1298,0,5,1,1,18.0,5,0,2027-10-07,merged,1,20.0,slow_gt_10d,1
1645,645,645,2027-10-08,2027-10-11,2027-10-12,merged,1300,1,1,1,1,1.0,1,1,2027-10-08,merged,1,3.0,fast_le_2d,0
1646,646,646,2027-10-09,2027-10-14,2027-10-15,merged,1302,2,2,1,1,3.0,1,1,2027-10-09,merged,1,5.0,medium_2_10d,0
1647,647,647,2027-10-10,2027-10-17,2027-10-18,merged,1304,3,3,1,1,5.0,2,1,2027-10-10,merged,1,7.0,medium_2_10d,0
1648,648,648,2027-10-11,,2027-10-26,closed,1306,4,4,1,0,12.0,4,0,2027-10-11,closed,0,,slow_gt_10d,1
1649,649,649,2027-10-12,,2027-11-02,closed,1308,5,5,1,0,18.0,5,0,2027-10-12,closed,0,,slow_gt_10d,0
1650,650,650,2027-10-13,2027-10-16,2027-10-17,merged,1310,6,1,1,1,1.0,1,1,2027-10-13,merged,1,3.0,fast_le_2d,0
1651,651,651,2027-10-14,2027-10-19,2027-10-20,merged,1312,0,2,1,1,3.0,1,1,2027-10-14,merged,1,5.0,medium_2_10d,0
1652,652,652,2027-10-15,2027-10-22,2027-10-23,merged,1314,1,3,1,1,5.0,2,1,2027-10-15,merged,1,7.0,medium_2_10d,1
1653,653,653,2027-10-16,2027-10-30,2027-10-31,merged,1316,2,4,1,1,12.0,4,0,2027-10-16,merged,1,14.0,slow_gt_10d,0
1654,654,654,2027-10-17,,2027-11-07,closed,1318,3,5,1,0,18.0,5,0,2027-10-17,closed,0,,slow_gt_10d,0
1655,655,655,2027-10-18,,2027-10-22,closed,1320,4,1,1,0,1.0,1,0,2027-10-18,closed,0,,fast_le_2d,0
1656,656,656,2027-10-19,2027-10-24,2027-10-25,merged,1322,5,2,1,1,3.0,1,1,2027-10-19,merged,1,5.0,medium_2_10d,1
1657,657,657,2027-10-20,2027-10-27,2027-10-28,merged,1324,6,3,1,1,5.0,2,1,2027-10-20,merged,1,7.0,medium_2_10d,0
1658,658,658,2027-10-21,2027-11-04,2027-11-05,merged,1326,0,4,1,1,12.0,4,0,2027-10-21,merged,1,14.0,slow_gt_10d,0
1659,659,659,2027-10-22,2027-11-11,2027-11-12,merged,1328,1,5,1,1,18.0,5,0,2027-10-22,merged,1,20.0,slow_gt_10d,0
1660,660,660,2027-10-23,,2027-10-27,closed,1330,2,1,1,0,1.0,1,0,2027-10-23,closed,0,,fast_le_2d,1
1661,661,661,2027-10-24,,2027-10-30,closed,1332,3,2,1,0,3.0,1,0,2027-10-24,closed,0,,medium_2_10d,0
1662,662,662,2027-10-25,2027-11-01,2027-11-02,merged,1334,4,3,1,1,5.0,2,1,2027-10-25,merged,1,7.0,medium_2_10d,0
1663,663,663,2027-10-26,2027-11-09,2027-11-10,merged,1336,5,4,1,1,12.0,4,0,2027-10-26,merged,1,14.0,slow_gt_10d,0
1664,664,664,2027-10-27,2027-11-16,2027-11-17,merged,1338,6,5,1,1,18.0,5,0,2027-10-27,merged,1,20.0,slow_gt_10d,1
1665,665,665,2027-10-28,2027-10-31,2027-11-01,merged,1340,0,1,1,1,1.0,1,1,2027-10-28,merged,1,3.0,fast_le_2d,0
1666,666,666,2027-10-29,,2027-11-04,closed,1342,1,2,1,0,3.0,1,0,2027-10-29,closed,0,,medium_2_10d,0
1667,667,667,2027-10-30,,2027-11-07,closed,1344,2,3,1,0,5.0,2,0,2027-10-30,closed,0,,medium_2_10d,0
1668,668,668,2027-10-31,2027-11-14,2027-11-15,merged,1346,3,4,1,1,12.0,4,0,2027-10-31,merged,1,14.0,slow_gt_10d,1
1669,669,669,2027-11-01,2027-11-21,2027-11-22,merged,1348,4,5,1,1,18.0,5,0,2027-11-01,merged,1,20.0,slow_gt_10d,0
1670,670,670,2027-11-02,2027-11-05,2027-11-06,merged,1350,5,1,1,1,1.0,1,1,2027-11-02,merged,1,3.0,fast_le_2d,0
1671,671,671,2027-11-03,2027-11-08,2027-11-09,merged,1352,6,2,1,1,3.0,1,1,2027-11-03,merged,1,5.0,medium_2_10d,0
1672,672,672,2027-11-04,,2027-11-12,closed,1354,0,3,1,0,5.0,2,0,2027-11-04,closed,0,,medium_2_10d,1
1673,673,673,2027-11-05,,2027-11-20,closed,1356,1,4,1,0,12.0,4,0,2027-11-05,closed,0,,slow_gt_10d,0
1674,674,674,2027-11-06,2027-11-26,2027-11-27,merged,1358,2,5,1,1,18.0,5,0,2027-11-06,merged,1,20.0,slow_gt_10d,0
1675,675,675,2027-11-07,2027-11-10,2027-11-11,merged,1360,3,1,1,1,1.0,1,1,2027-11-07,merged,1,3.0,fast_le_2d,0
1676,676,676,2027-11-08,2027-11-13,2027-11-14,merged,1362,4,2,1,1,3.0,1,1,2027-11-08,merged,1,5.0,medium_2_10d,1
1677,677,677,2027-11-09,2027-11-16,2027-11-17,merged,1364,5,3,1,1,5.0,2,1,2027-11-09,merged,1,7.0,medium_2_10d,0
1678,678,678,2027-11-10,,2027-11-25,closed,1366,6,4,1,0,12.0,4,0,2027-11-10,closed,0,,slow_gt_10d,0
1679,679,679,2027-11-11,,2027-12-02,closed,1368,0,5,1,0,18.0,5,0,2027-11-11,closed,0,,slow_gt_10d,0
1680,680,680,2027-11-12,2027-11-15,2027-11-16,merged,1370,1,1,1,1,1.0,1,1,2027-11-12,merged,1,3.0,fast_le_2d,1
1681,681,681,2027-11-13,2027-11-18,2027-11-19,merged,1372,2,2,1,1,3.0,1,1,2027-11-13,merged,1,5.0,medium_2_10d,0
1682,682,682,2027-11-14,2027-11-21,2027-11-22,merged,1374,3,3,1,1,5.0,2,1,2027-11-14,merged,1,7.0,medium_2_10d,0
1683,683,683,2027-11-15,2027-11-29,2027-11-30,merged,1376,4,4,1,1,12.0,4,0,2027-11-15,merged,1,14.0,slow_gt_10d,0
1684,684,684,2027-11-16,,2027-12-07,closed,1378,5,5,1,0,18.0,5,0,2027-11-16,closed,0,,slow_gt_10d,1
1685,685,685,2027-11-17,,2027-11-21,closed,1380,6,1,1,0,1.0,1,0,2027-11-17,closed,0,,fast_le_2d,0
1686,686,686,2027-11-18,2027-11-23,2027-11-24,merged,1382,0,2,1,1,3.0,1,1,2027-11-18,merged,1,5.0,medium_2_10d,0
1687,687,687,2027-11-19,2027-11-26,2027-11-27,merged,1384,1,3,1,1,5.0,2,1,2027-11-19,merged,1,7.0,medium_2_10d,0
1688,688,688,2027-11-20,2027-12-04,2027-12-05,merged,1386,2,4,1,1,12.0,4,0,2027-11-20,merged,1,14.0,slow_gt_10d,1
1689,689,689,2027-11-21,2027-12-11,2027-12-12,merged,1388,3,5,1,1,18.0,5,0,2027-11-21,merged,1,20.0,slow_gt_10d,0
1690,690,690,2027-11-22,,2027-11-26,closed,1390,4,1,1,0,1.0,1,0,2027-11-22,closed,0,,fast_le_2d,0
1691,691,691,2027-11-23,,2027-11-29,closed,1392,5,2,1,0,3.0,1,0,2027-11-23,closed,0,,medium_2_10d,0
1692,692,692,2027-11-24,2027-12-01,2027-12-02,merged,1394,6,3,1,1,5.0,2,1,2027-11-24,merged,1,7.0,medium_2_10d,1
1693,693,693,2027-11-25,2027-12-09,2027-12-10,merged,1396,0,4,1,1,12.0,4,0,2027-11-25,merged,1,14.0,slow_gt_10d,0
1694,694,694,2027-11-26,2027-12-16,2027-12-17,merged,1398,1,5,1,1,18.0,5,0,2027-11-26,merged,1,20.0,slow_gt_10d,0
1695,695,695,2027-11-27,2027-11-30,2027-12-01,merged,1400,2,1,1,1,1.0,1,1,2027-11-27,merged,1,3.0,fast_le_2d,0
1696,696,696,2027-11-28,,2027-12-04,closed,1402,3,2,1,0,3.0,1,0,2027-11-28,closed,0,,medium_2_10d,1
1697,697,697,2027-11-29,,2027-12-07,closed,1404,4,3,1,0,5.0,2,0,2027-11-29,closed,0,,medium_2_10d,0
1698,698,698,2027-11-30,2027-12-14,2027-12-15,merged,1406,5,4,1,1,12.0,4,0,2027-11-30,merged,1,14.0,slow_gt_10d,0
1699,699,699,2027-12-01,2027-12-21,2027-12-22,merged,1408,6,5,1,1,18.0,5,0,2027-12-01,merged,1,20.0,slow_gt_10d,0
1700,700,700,2027-12-02,2027-12-05,2027-12-06,merged,1410,0,1,1,1,1.0,1,1,2027-12-02,merged,1,3.0,fast_le_2d,1
1701,701,701,2027-12-03,2027-12-08,2027-12-09,merged,1412,1,2,1,1,3.0,1,1,2027-12-03,merged,1,5.0,medium_2_10d,0
1702,702,702,2027-12-04,,2027-12-12,closed,1414,2,3,1,0,5.0,2,0,2027-12-04,closed,0,,medium_2_10d,0
1703,703,703,2027-12-05,,2027-12-20,closed,1416,3,4,1,0,12.0,4,0,2027-12-05,closed,0,,slow_gt_10d,0
1704,704,704,2027-12-06,2027-12-26,2027-12-27,merged,1418,4,5,1,1,18.0,5,0,2027-12-06,merged,1,20.0,slow_gt_10d,1
1705,705,705,2027-12-07,2027-12-10,2027-12-11,merged,1420,5,1,1,1,1.0,1,1,2027-12-07,merged,1,3.0,fast_le_2d,0
1706,706,706,2027-12-08,2027-12-13,2027-12-14,merged,1422,6,2,1,1,3.0,1,1,2027-12-08,merged,1,5.0,medium_2_10d,0
1707,707,707,2027-12-09,2027-12-16,2027-12-17,merged,1424,0,3,1,1,5.0,2,1,2027-12-09,merged,1,7.0,medium_2_10d,0
1708,708,708,2027-12-10,,2027-12-25,closed,1426,1,4,1,0,12.0,4,0,2027-12-10,closed,0,,slow_gt_10d,1
1709,709,709,2027-12-11,,2028-01-01,closed,1428,2,5,1,0,18.0,5,0,2027-12-11,closed,0,,slow_gt_10d,0
1710,710,710,2027-12-12,2027-12-15,2027-12-16,merged,1430,3,1,1,1,1.0,1,1,2027-12-12,merged,1,3.0,fast_le_2d,0
1711,711,711,2027-12-13,2027-12-18,2027-12-19,merged,1432,4,2,1,1,3.0,1,1,2027-12-13,merged,1,5.0,medium_2_10d,0
1712,712,712,2027-12-14,2027-12-21,2027-12-22,merged,1434,5,3,1,1,5.0,2,1,2027-12-14,merged,1,7.0,medium_2_10d,1
1713,713,713,2027-12-15,2027-12-29,2027-12-30,merged,1436,6,4,1,1,12.0,4,0,2027-12-15,merged,1,14.0,slow_gt_10d,0
1714,714,714,2027-12-16,,2028-01-06,closed,1438,0,5,1,0,18.0,5,0,2027-12-16,closed,0,,slow_gt_10d,0
1715,715,715,2027-12-17,,2027-12-21,closed,1440,1,1,1,0,1.0,1,0,2027-12-17,closed,0,,fast_le_2d,0
1716,716,716,2027-12-18,2027-12-23,2027-12-24,merged,1442,2,2,1,1,3.0,1,1,2027-12-18,merged,1,5.0,medium_2_10d,1
1717,717,717,2027-12-19,2027-12-26,2027-12-27,merged,1444,3,3,1,1,5.0,2,1,2027-12-19,merged,1,7.0,medium_2_10d,0
1718,718,718,2027-12-20,2028-01-03,2028-01-04,merged,1446,4,4,1,1,12.0,4,0,2027-12-20,merged,1,14.0,slow_gt_10d,0
1719,719,719,2027-12-21,2028-01-10,2028-01-11,merged,1448,5,5,1,1,18.0,5,0,2027-12-21,merged,1,20.0,slow_gt_10d,0
1720,720,720,2027-12-22,,2027-12-26,closed,1450,6,1,1,0,1.0,1,0,2027-12-22,closed,0,,fast_le_2d,1
1721,721,721,2027-12-23,,2027-12-29,closed,1452,0,2,1,0,3.0,1,0,2027-12-23,closed,0,,medium_2_10d,0
1722,722,722,2027-12-24,2027-12-31,2028-01-01,merged,1454,1,3,1,1,5.0,2,1,2027-12-24,merged,1,7.0,medium_2_10d,0
1723,723,723,2027-12-25,2028-01-08,2028-01-09,merged,1456,2,4,1,1,12.0,4,0,2027-12-25,merged,1,14.0,slow_gt_10d,0
1724,724,724,2027-12-26,2028-01-15,2028-01-16,merged,1458,3,5,1,1,18.0,5,0,2027-12-26,merged,1,20.0,slow_gt_10d,1
1725,725,725,2027-12-27,2027-12-30,2027-12-31,merged,1460,4,1,1,1,1.0,1,1,2027-12-27,merged,1,3.0,fast_le_2d,0
1726,726,726,2027-12-28,,2028-01-03,closed,1462,5,2,1,0,3.0,1,0,2027-12-28,closed,0,,medium_2_10d,0
1727,727,727,2027-12-29,,2028-01-06,closed,1464,6,3,1,0,5.0,2,0,2027-12-29,closed,0,,medium_2_10d,0
1728,728,728,2027-12-30,2028-01-13,2028-01-14,merged,1466,0,4,1,1,12.0,4,0,2027-12-30,merged,1,14.0,slow_gt_10d,1
1729,729,729,2027-12-31,2028-01-20,2028-01-21,merged,1468,1,5,1,1,18.0,5,0,2027-12-31,merged,1,20.0,slow_gt_10d,0
1730,730,730,2028-01-01,2028-01-04,2028-01-05,merged,1470,2,1,1,1,1.0,1,1,2028-01-01,merged,1,3.0,fast_le_2d,0
1731,731,731,2028-01-02,2028-01-07,2028-01-08,merged,1472,3,2,1,1,3.0,1,1,2028-01-02,merged,1,5.0,medium_2_10d,0
1732,732,732,2028-01-03,,2028-01-11,closed,1474,4,3,1,0,5.0,2,0,2028-01-03,closed,0,,medium_2_10d,1
1733,733,733,2028-01-04,,2028-01-19,closed,1476,5,4,1,0,12.0,4,0,2028-01-04,closed,0,,slow_gt_10d,0
1734,734,734,2028-01-05,2028-01-25,2028-01-26,merged,1478,6,5,1,1,18.0,5,0,2028-01-05,merged,1,20.0,slow_gt_10d,0
1735,735,735,2028-01-06,2028-01-09,2028-01-10,merged,1480,0,1,1,1,1.0,1,1,2028-01-06,merged,1,3.0,fast_le_2d,0
1736,736,736,2028-01-07,2028-01-12,2028-01-13,merged,1482,1,2,1,1,3.0,1,1,2028-01-07,merged,1,5.0,medium_2_10d,1
1737,737,737,2028-01-08,2028-01-15,2028-01-16,merged,1484,2,3,1,1,5.0,2,1,2028-01-08,merged,1,7.0,medium_2_10d,0
1738,738,738,2028-01-09,,2028-01-24,closed,1486,3,4,1,0,12.0,4,0,2028-01-09,closed,0,,slow_gt_10d,0
1739,739,739,2028-01-10,,2028-01-31,closed,1488,4,5,1,0,18.0,5,0,2028-01-10,closed,0,,slow_gt_10d,0
1740,740,740,2028-01-11,2028-01-14,2028-01-15,merged,1490,5,1,1,1,1.0,1,1,2028-01-11,merged,1,3.0,fast_le_2d,1
1741,741,741,2028-01-12,2028-01-17,2028-01-18,merged,1492,6,2,1,1,3.0,1,1,2028-01-12,merged,1,5.0,medium_2_10d,0
1742,742,742,2028-01-13,2028-01-20,2028-01-21,merged,1494,0,3,1,1,5.0,2,1,2028-01-13,merged,1,7.0,medium_2_10d,0
1743,743,743,2028-01-14,2028-01-28,2028-01-29,merged,1496,1,4,1,1,12.0,4,0,2028-01-14,merged,1,14.0,slow_gt_10d,0
1744,744,744,2028-01-15,,2028-02-05,closed,1498,2,5,1,0,18.0,5,0,2028-01-15,closed,0,,slow_gt_10d,1
1745,745,745,2028-01-16,,2028-01-20,closed,1500,3,1,1,0,1.0,1,0,2028-01-16,closed,0,,fast_le_2d,0
1746,746,746,2028-01-17,2028-01-22,2028-01-23,merged,1502,4,2,1,1,3.0,1,1,2028-01-17,merged,1,5.0,medium_2_10d,0
1747,747,747,2028-01-18,2028-01-25,2028-01-26,merged,1504,5,3,1,1,5.0,2,1,2028-01-18,merged,1,7.0,medium_2_10d,0
1748,748,748,2028-01-19,2028-02-02,2028-02-03,merged,1506,6,4,1,1,12.0,4,0,2028-01-19,merged,1,14.0,slow_gt_10d,1
1749,749,749,2028-01-20,2028-02-09,2028-02-10,merged,1508,0,5,1,1,18.0,5,0,2028-01-20,merged,1,20.0,slow_gt_10d,0
1750,750,750,2028-01-21,,2028-01-25,closed,1510,1,1,1,0,1.0,1,0,2028-01-21,closed,0,,fast_le_2d,0
1751,751,751,2028-01-22,,2028-01-28,closed,1512,2,2,1,0,3.0,1,0,2028-01-22,closed,0,,medium_2_10d,0
1752,752,752,2028-01-23,2028-01-30,2028-01-31,merged,1514,3,3,1,1,5.0,2,1,2028-01-23,merged,1,7.0,medium_2_10d,1
1753,753,753,2028-01-24,2028-02-07,2028-02-08,merged,1516,4,4,1,1,12.0,4,0,2028-01-24,merged,1,14.0,slow_gt_10d,0
1754,754,754,2028-01-25,2028-02-14,2028-02-15,merged,1518,5,5,1,1,18.0,5,0,2028-01-25,merged,1,20.0,slow_gt_10d,0
1755,755,755,2028-01-26,2028-01-29,2028-01-30,merged,1520,6,1,1,1,1.0,1,1,2028-01-26,merged,1,3.0,fast_le_2d,0
1756,756,756,2028-01-27,,2028-02-02,closed,1522,0,2,1,0,3.0,1,0,2028-01-27,closed,0,,medium_2_10d,1
1757,757,757,2028-01-28,,2028-02-05,closed,1524,1,3,1,0,5.0,2,0,2028-01-28,closed,0,,medium_2_10d,0
1758,758,758,2028-01-29,2028-02-12,2028-02-13,merged,1526,2,4,1,1,12.0,4,0,2028-01-29,merged,1,14.0,slow_gt_10d,0
1759,759,759,2028-01-30,2028-02-19,2028-02-20,merged,1528,3,5,1,1,18.0,5,0,2028-01-30,merged,1,20.0,slow_gt_10d,0
1760,760,760,2028-01-31,2028-02-03,2028-02-04,merged,1530,4,1,1,1,1.0,1,1,2028-01-31,merged,1,3.0,fast_le_2d,1
1761,761,761,2028-02-01,2028-02-06,2028-02-07,merged,1532,5,2,1,1,3.0,1,1,2028-02-01,merged,1,5.0,medium_2_10d,0
1762,762,762,2028-02-02,,2028-02-10,closed,1534,6,3,1,0,5.0,2,0,2028-02-02,closed,0,,medium_2_10d,0
1763,763,763,2028-02-03,,2028-02-18,closed,1536,0,4,1,0,12.0,4,0,2028-02-03,closed,0,,slow_gt_10d,0
1764,764,764,2028-02-04,2028-02-24,2028-02-25,merged,1538,1,5,1,1,18.0,5,0,2028-02-04,merged,1,20.0,slow_gt_10d,1
1765,765,765,2028-02-05,2028-02-08,2028-02-09,merged,1540,2,1,1,1,1.0,1,1,2028-02-05,merged,1,3.0,fast_le_2d,0
1766,766,766,2028-02-06,2028-02-11,2028-02-12,merged,1542,3,2,1,1,3.0,1,1,2028-02-06,merged,1,5.0,medium_2_10d,0
1767,767,767,2028-02-07,2028-02-14,2028-02-15,merged,1544,4,3,1,1,5.0,2,1,2028-02-07,merged,1,7.0,medium_2_10d,0
1768,768,768,2028-02-08,,2028-02-23,closed,1546,5,4,1,0,12.0,4,0,2028-02-08,closed,0,,slow_gt_10d,1
1769,769,769,2028-02-09,,2028-03-01,closed,1548,6,5,1,0,18.0,5,0,2028-02-09,closed,0,,slow_gt_10d,0
1770,770,770,2028-02-10,2028-02-13,2028-02-14,merged,1550,0,1,1,1,1.0,1,1,2028-02-10,merged,1,3.0,fast_le_2d,0
1771,771,771,2028-02-11,2028-02-16,2028-02-17,merged,1552,1,2,1,1,3.0,1,1,2028-02-11,merged,1,5.0,medium_2_10d,0
1772,772,772,2028-02-12,2028-02-19,2028-02-20,merged,1554,2,3,1,1,5.0,2,1,2028-02-12,merged,1,7.0,medium_2_10d,1
1773,773,773,2028-02-13,2028-02-27,2028-02-28,merged,1556,3,4,1,1,12.0,4,0,2028-02-13,merged,1,14.0,slow_gt_10d,0
1774,774,774,2028-02-14,,2028-03-06,closed,1558,4,5,1,0,18.0,5,0,2028-02-14,closed,0,,slow_gt_10d,0
1775,775,775,2028-02-15,,2028-02-19,closed,1560,5,1,1,0,1.0,1,0,2028-02-15,closed,0,,fast_le_2d,0
1776,776,776,2028-02-16,2028-02-21,2028-02-22,merged,1562,6,2,1,1,3.0,1,1,2028-02-16,merged,1,5.0,medium_2_10d,1
1777,777,777,2028-02-17,2028-02-24,2028-02-25,merged,1564,0,3,1,1,5.0,2,1,2028-02-17,merged,1,7.0,medium_2_10d,0
1778,778,778,2028-02-18,2028-03-03,2028-03-04,merged,1566,1,4,1,1,12.0,4,0,2028-02-18,merged,1,14.0,slow_gt_10d,0
1779,779,779,2028-02-19,2028-03-10,2028-03-11,merged,1568,2,5,1,1,18.0,5,0,2028-02-19,merged,1,20.0,slow_gt_10d,0
1780,780,780,2028-02-20,,2028-02-24,closed,1570,3,1,1,0,1.0,1,0,2028-02-20,closed,0,,fast_le_2d,1
1781,781,781,2028-02-21,,2028-02-27,closed,1572,4,2,1,0,3.0,1,0,2028-02-21,closed,0,,medium_2_10d,0
1782,782,782,2028-02-22,2028-02-29,2028-03-01,merged,1574,5,3,1,1,5.0,2,1,2028-02-22,merged,1,7.0,medium_2_10d,0
1783,783,783,2028-02-23,2028-03-08,2028-03-09,merged,1576,6,4,1,1,12.0,4,0,2028-02-23,merged,1,14.0,slow_gt_10d,0
1784,784,784,2028-02-24,2028-03-15,2028-03-16,merged,1578,0,5,1,1,18.0,5,0,2028-02-24,merged,1,20.0,slow_gt_10d,1
1785,785,785,2028-02-25,2028-02-28,2028-02-29,merged,1580,1,1,1,1,1.0,1,1,2028-02-25,merged,1,3.0,fast_le_2d,0
1786,786,786,2028-02-26,,2028-03-03,closed,1582,2,2,1,0,3.0,1,0,2028-02-26,closed,0,,medium_2_10d,0
1787,787,787,2028-02-27,,2028-03-06,closed,1584,3,3,1,0,5.0,2,0,2028-02-27,closed,0,,medium_2_10d,0
1788,788,788,2028-02-28,2028-03-13,2028-03-14,merged,1586,4,4,1,1,12.0,4,0,2028-02-28,merged,1,14.0,slow_gt_10d,1
1789,789,789,2028-02-29,2028-03-20,2028-03-21,merged,1588,5,5,1,1,18.0,5,0,2028-02-29,merged,1,20.0,slow_gt_10d,0
1790,790,790,2028-03-01,2028-03-04,2028-03-05,merged,1590,6,1,1,1,1.0,1,1,2028-03-01,merged,1,3.0,fast_le_2d,0
1791,791,791,2028-03-02,2028-03-07,2028-03-08,merged,1592,0,2,1,1,3.0,1,1,2028-03-02,merged,1,5.0,medium_2_10d,0
1792,792,792,2028-03-03,,2028-03-11,closed,1594,1,3,1,0,5.0,2,0,2028-03-03,closed,0,,medium_2_10d,1
1793,793,793,2028-03-04,,2028-03-19,closed,1596,2,4,1,0,12.0,4,0,2028-03-04,closed,0,,slow_gt_10d,0
1794,794,794,2028-03-05,2028-03-25,2028-03-26,merged,1598,3,5,1,1,18.0,5,0,2028-03-05,merged,1,20.0,slow_gt_10d,0
1795,795,795,2028-03-06,2028-03-09,2028-03-10,merged,1600,4,1,1,1,1.0,1,1,2028-03-06,merged,1,3.0,fast_le_2d,0
1796,796,796,2028-03-07,2028-03-12,2028-03-13,merged,1602,5,2,1,1,3.0,1,1,2028-03-07,merged,1,5.0,medium_2_10d,1
1797,797,797,2028-03-08,2028-03-15,2028-03-16,merged,1604,6,3,1,1,5.0,2,1,2028-03-08,merged,1,7.0,medium_2_10d,0
1798,798,798,2028-03-09,,2028-03-24,closed,1606,0,4,1,0,12.0,4,0,2028-03-09,closed,0,,slow_gt_10d,0
1799,799,799,2028-03-10,,2028-03-31,closed,1608,1,5,1,0,18.0,5,0,2028-03-10,closed,0,,slow_gt_10d,0
1800,800,800,2028-03-11,2028-03-14,2028-03-15,merged,1610,2,1,1,1,1.0,1,1,2028-03-11,merged,1,3.0,fast_le_2d,1
1801,801,801,2028-03-12,2028-03-17,2028-03-18,merged,1612,3,2,1,1,3.0,1,1,2028-03-12,merged,1,5.0,medium_2_10d,0
1802,802,802,2028-03-13,2028-03-20,2028-03-21,merged,1614,4,3,1,1,5.0,2,1,2028-03-13,merged,1,7.0,medium_2_10d,0
1803,803,803,2028-03-14,2028-03-28,2028-03-29,merged,1616,5,4,1,1,12.0,4,0,2028-03-14,merged,1,14.0,slow_gt_10d,0
1804,804,804,2028-03-15,,2028-04-05,closed,1618,6,5,1,0,18.0,5,0,2028-03-15,closed,0,,slow_gt_10d,1
1805,805,805,2028-03-16,,2028-03-20,closed,1620,0,1,1,0,1.0,1,0,2028-03-16,closed,0,,fast_le_2d,0
1806,806,806,2028-03-17,2028-03-22,2028-03-23,merged,1622,1,2,1,1,3.0,1,1,2028-03-17,merged,1,5.0,medium_2_10d,0
1807,807,807,2028-03-18,2028-03-25,2028-03-26,merged,1624,2,3,1,1,5.0,2,1,2028-03-18,merged,1,7.0,medium_2_10d,0
1808,808,808,2028-03-19,2028-04-02,2028-04-03,merged,1626,3,4,1,1,12.0,4,0,2028-03-19,merged,1,14.0,slow_gt_10d,1
1809,809,809,2028-03-20,2028-04-09,2028-04-10,merged,1628,4,5,1,1,18.0,5,0,2028-03-20,merged,1,20.0,slow_gt_10d,0
1810,810,810,2028-03-21,,2028-03-25,closed,1630,5,1,1,0,1.0,1,0,2028-03-21,closed,0,,fast_le_2d,0
1811,811,811,2028-03-22,,2028-03-28,closed,1632,6,2,1,0,3.0,1,0,2028-03-22,closed,0,,medium_2_10d,0
1812,812,812,2028-03-23,2028-03-30,2028-03-31,merged,1634,0,3,1,1,5.0,2,1,2028-03-23,merged,1,7.0,medium_2_10d,1
1813,813,813,2028-03-24,2028-04-07,2028-04-08,merged,1636,1,4,1,1,12.0,4,0,2028-03-24,merged,1,14.0,slow_gt_10d,0
1814,814,814,2028-03-25,2028-04-14,2028-04-15,merged,1638,2,5,1,1,18.0,5,0,2028-03-25,merged,1,20.0,slow_gt_10d,0
1815,815,815,2028-03-26,2028-03-29,2028-03-30,merged,1640,3,1,1,1,1.0,1,1,2028-03-26,merged,1,3.0,fast_le_2d,0
1816,816,816,2028-03-27,,2028-04-02,closed,1642,4,2,1,0,3.0,1,0,2028-03-27,closed,0,,medium_2_10d,1
1817,817,817,2028-03-28,,2028-04-05,closed,1644,5,3,1,0,5.0,2,0,2028-03-28,closed,0,,medium_2_10d,0
1818,818,818,2028-03-29,2028-04-12,2028-04-13,merged,1646,6,4,1,1,12.0,4,0,2028-03-29,merged,1,14.0,slow_gt_10d,0
1819,819,819,2028-03-30,2028-04-19,2028-04-20,merged,1648,0,5,1,1,18.0,5,0,2028-03-30,merged,1,20.0,slow_gt_10d,0
1820,820,820,2028-03-31,2028-04-03,2028-04-04,merged,1650,1,1,1,1,1.0,1,1,2028-03-31,merged,1,3.0,fast_le_2d,1
1821,821,821,2028-04-01,2028-04-06,2028-04-07,merged,1652,2,2,1,1,3.0,1,1,2028-04-01,merged,1,5.0,medium_2_10d,0
1822,822,822,2028-04-02,,2028-04-10,closed,1654,3,3,1,0,5.0,2,0,2028-04-02,closed,0,,medium_2_10d,0
1823,823,823,2028-04-03,,2028-04-18,closed,1656,4,4,1,0,12.0,4,0,2028-04-03,closed,0,,slow_gt_10d,0
1824,824,824,2028-04-04,2028-04-24,2028-04-25,merged,1658,5,5,1,1,18.0,5,0,2028-04-04,merged,1,20.0,slow_gt_10d,1
1825,825,825,2028-04-05,2028-04-08,2028-04-09,merged,1660,6,1,1,1,1.0,1,1,2028-04-05,merged,1,3.0,fast_le_2d,0
1826,826,826,2028-04-06,2028-04-11,2028-04-12,merged,1662,0,2,1,1,3.0,1,1,2028-04-06,merged,1,5.0,medium_2_10d,0
1827,827,827,2028-04-07,2028-04-14,2028-04-15,merged,1664,1,3,1,1,5.0,2,1,2028-04-07,merged,1,7.0,medium_2_10d,0
1828,828,828,2028-04-08,,2028-04-23,closed,1666,2,4,1,0,12.0,4,0,2028-04-08,closed,0,,slow_gt_10d,1
1829,829,829,2028-04-09,,2028-04-30,closed,1668,3,5,1,0,18.0,5,0,2028-04-09,closed,0,,slow_gt_10d,0
1830,830,830,2028-04-10,2028-04-13,2028-04-14,merged,1670,4,1,1,1,1.0,1,1,2028-04-10,merged,1,3.0,fast_le_2d,0
1831,831,831,2028-04-11,2028-04-16,2028-04-17,merged,1672,5,2,1,1,3.0,1,1,2028-04-11,merged,1,5.0,medium_2_10d,0
1832,832,832,2028-04-12,2028-04-19,2028-04-20,merged,1674,6,3,1,1,5.0,2,1,2028-04-12,merged,1,7.0,medium_2_10d,1
1833,833,833,2028-04-13,2028-04-27,2028-04-28,merged,1676,0,4,1,1,12.0,4,0,2028-04-13,merged,1,14.0,slow_gt_10d,0
1834,834,834,2028-04-14,,2028-05-05,closed,1678,1,5,1,0,18.0,5,0,2028-04-14,closed,0,,slow_gt_10d,0
1835,835,835,2028-04-15,,2028-04-19,closed,1680,2,1,1,0,1.0,1,0,2028-04-15,closed,0,,fast_le_2d,0
1836,836,836,2028-04-16,2028-04-21,2028-04-22,merged,1682,3,2,1,1,3.0,1,1,2028-04-16,merged,1,5.0,medium_2_10d,1
1837,837,837,2028-04-17,2028-04-24,2028-04-25,merged,1684,4,3,1,1,5.0,2,1,2028-04-17,merged,1,7.0,medium_2_10d,0
1838,838,838,2028-04-18,2028-05-02,2028-05-03,merged,1686,5,4,1,1,12.0,4,0,2028-04-18,merged,1,14.0,slow_gt_10d,0
1839,839,839,2028-04-19,2028-05-09,2028-05-10,merged,1688,6,5,1,1,18.0,5,0,2028-04-19,merged,1,20.0,slow_gt_10d,0
1840,840,840,2028-04-20,,2028-04-24,closed,1690,0,1,1,0,1.0,1,0,2028-04-20,closed,0,,fast_le_2d,1
1841,841,841,2028-04-21,,2028-04-27,closed,1692,1,2,1,0,3.0,1,0,2028-04-21,closed,0,,medium_2_10d,0
1842,842,842,2028-04-22,2028-04-29,2028-04-30,merged,1694,2,3,1,1,5.0,2,1,2028-04-22,merged,1,7.0,medium_2_10d,0
1843,843,843,2028-04-23,2028-05-07,2028-05-08,merged,1696,3,4,1,1,12.0,4,0,2028-04-23,merged,1,14.0,slow_gt_10d,0
1844,844,844,2028-04-24,2028-05-14,2028-05-15,merged,1698,4,5,1,1,18.0,5,0,2028-04-24,merged,1,20.0,slow_gt_10d,1
1845,845,845,2028-04-25,2028-04-28,2028-04-29,merged,1700,5,1,1,1,1.0,1,1,2028-04-25,merged,1,3.0,fast_le_2d,0
1846,846,846,2028-04-26,,2028-05-02,closed,1702,6,2,1,0,3.0,1,0,2028-04-26,closed,0,,medium_2_10d,0
1847,847,847,2028-04-27,,2028-05-05,closed,1704,0,3,1,0,5.0,2,0,2028-04-27,closed,0,,medium_2_10d,0
1848,848,848,2028-04-28,2028-05-12,2028-05-13,merged,1706,1,4,1,1,12.0,4,0,2028-04-28,merged,1,14.0,slow_gt_10d,1
1849,849,849,2028-04-29,2028-05-19,2028-05-20,merged,1708,2,5,1,1,18.0,5,0,2028-04-29,merged,1,20.0,slow_gt_10d,0
1850,850,850,2028-04-30,2028-05-03,2028-05-04,merged,1710,3,1,1,1,1.0,1,1,2028-04-30,merged,1,3.0,fast_le_2d,0
1851,851,851,2028-05-01,2028-05-06,2028-05-07,merged,1712,4,2,1,1,3.0,1,1,2028-05-01,merged,1,5.0,medium_2_10d,0
1852,852,852,2028-05-02,,2028-05-10,closed,1714,5,3,1,0,5.0,2,0,2028-05-02,closed,0,,medium_2_10d,1
1853,853,853,2028-05-03,,2028-05-18,closed,1716,6,4,1,0,12.0,4,0,2028-05-03,closed,0,,slow_gt_10d,0
1854,854,854,2028-05-04,2028-05-24,2028-05-25,merged,1718,0,5,1,1,18.0,5,0,2028-05-04,merged,1,20.0,slow_gt_10d,0
1855,855,855,2028-05-05,2028-05-08,2028-05-09,merged,1720,1,1,1,1,1.0,1,1,2028-05-05,merged,1,3.0,fast_le_2d,0
1856,856,856,2028-05-06,2028-05-11,2028-05-12,merged,1722,2,2,1,1,3.0,1,1,2028-05-06,merged,1,5.0,medium_2_10d,1
1857,857,857,2028-05-07,2028-05-14,2028-05-15,merged,1724,3,3,1,1,5.0,2,1,2028-05-07,merged,1,7.0,medium_2_10d,0
1858,858,858,2028-05-08,,2028-05-23,closed,1726,4,4,1,0,12.0,4,0,2028-05-08,closed,0,,slow_gt_10d,0
1859,859,859,2028-05-09,,2028-05-30,closed,1728,5,5,1,0,18.0,5,0,2028-05-09,closed,0,,slow_gt_10d,0
1860,860,860,2028-05-10,2028-05-13,2028-05-14,merged,1730,6,1,1,1,1.0,1,1,2028-05-10,merged,1,3.0,fast_le_2d,1
1861,861,861,2028-05-11,2028-05-16,2028-05-17,merged,1732,0,2,1,1,3.0,1,1,2028-05-11,merged,1,5.0,medium_2_10d,0
1862,862,862,2028-05-12,2028-05-19,2028-05-20,merged,1734,1,3,1,1,5.0,2,1,2028-05-12,merged,1,7.0,medium_2_10d,0
1863,863,863,2028-05-13,2028-05-27,2028-05-28,merged,1736,2,4,1,1,12.0,4,0,2028-05-13,merged,1,14.0,slow_gt_10d,0
1864,864,864,2028-05-14,,2028-06-04,closed,1738,3,5,1,0,18.0,5,0,2028-05-14,closed,0,,slow_gt_10d,1
1865,865,865,2028-05-15,,2028-05-19,closed,1740,4,1,1,0,1.0,1,0,2028-05-15,closed,0,,fast_le_2d,0
1866,866,866,2028-05-16,2028-05-21,2028-05-22,merged,1742,5,2,1,1,3.0,1,1,2028-05-16,merged,1,5.0,medium_2_10d,0
1867,867,867,2028-05-17,2028-05-24,2028-05-25,merged,1744,6,3,1,1,5.0,2,1,2028-05-17,merged,1,7.0,medium_2_10d,0
1868,868,868,2028-05-18,2028-06-01,2028-06-02,merged,1746,0,4,1,1,12.0,4,0,2028-05-18,merged,1,14.0,slow_gt_10d,1
1869,869,869,2028-05-19,2028-06-08,2028-06-09,merged,1748,1,5,1,1,18.0,5,0,2028-05-19,merged,1,20.0,slow_gt_10d,0
1870,870,870,2028-05-20,,2028-05-24,closed,1750,2,1,1,0,1.0,1,0,2028-05-20,closed,0,,fast_le_2d,0
1871,871,871,2028-05-21,,2028-05-27,closed,1752,3,2,1,0,3.0,1,0,2028-05-21,closed,0,,medium_2_10d,0
1872,872,872,2028-05-22,2028-05-29,2028-05-30,merged,1754,4,3,1,1,5.0,2,1,2028-05-22,merged,1,7.0,medium_2_10d,1
1873,873,873,2028-05-23,2028-06-06,2028-06-07,merged,1756,5,4,1,1,12.0,4,0,2028-05-23,merged,1,14.0,slow_gt_10d,0
1874,874,874,2028-05-24,2028-06-13,2028-06-14,merged,1758,6,5,1,1,18.0,5,0,2028-05-24,merged,1,20.0,slow_gt_10d,0
1875,875,875,2028-05-25,2028-05-28,2028-05-29,merged,1760,0,1,1,1,1.0,1,1,2028-05-25,merged,1,3.0,fast_le_2d,0
1876,876,876,2028-05-26,,2028-06-01,closed,1762,1,2,1,0,3.0,1,0,2028-05-26,closed,0,,medium_2_10d,1
1877,877,877,2028-05-27,,2028-06-04,closed,1764,2,3,1,0,5.0,2,0,2028-05-27,closed,0,,medium_2_10d,0
1878,878,878,2028-05-28,2028-06-11,2028-06-12,merged,1766,3,4,1,1,12.0,4,0,2028-05-28,merged,1,14.0,slow_gt_10d,0
1879,879,879,2028-05-29,2028-06-18,2028-06-19,merged,1768,4,5,1,1,18.0,5,0,2028-05-29,merged,1,20.0,slow_gt_10d,0
1880,880,880,2028-05-30,2028-06-02,2028-06-03,merged,1770,5,1,1,1,1.0,1,1,2028-05-30,merged,1,3.0,fast_le_2d,1
1881,881,881,2028-05-31,2028-06-05,2028-06-06,merged,1772,6,2,1,1,3.0,1,1,2028-05-31,merged,1,5.0,medium_2_10d,0
1882,882,882,2028-06-01,,2028-06-09,closed,1774,0,3,1,0,5.0,2,0,2028-06-01,closed,0,,medium_2_10d,0
1883,883,883,2028-06-02,,2028-06-17,closed,1776,1,4,1,0,12.0,4,0,2028-06-02,closed,0,,slow_gt_10d,0
1884,884,884,2028-06-03,2028-06-23,2028-06-24,merged,1778,2,5,1,1,18.0,5,0,2028-06-03,merged,1,20.0,slow_gt_10d,1
1885,885,885,2028-06-04,2028-06-07,2028-06-08,merged,1780,3,1,1,1,1.0,1,1,2028-06-04,merged,1,3.0,fast_le_2d,0
1886,886,886,2028-06-05,2028-06-10,2028-06-11,merged,1782,4,2,1,1,3.0,1,1,2028-06-05,merged,1,5.0,medium_2_10d,0
1887,887,887,2028-06-06,2028-06-13,2028-06-14,merged,1784,5,3,1,1,5.0,2,1,2028-06-06,merged,1,7.0,medium_2_10d,0
1888,888,888,2028-06-07,,2028-06-22,closed,1786,6,4,1,0,12.0,4,0,2028-06-07,closed,0,,slow_gt_10d,1
1889,889,889,2028-06-08,,2028-06-29,closed,1788,0,5,1,0,18.0,5,0,2028-06-08,closed,0,,slow_gt_10d,0
1890,890,890,2028-06-09,2028-06-12,2028-06-13,merged,1790,1,1,1,1,1.0,1,1,2028-06-09,merged,1,3.0,fast_le_2d,0
1891,891,891,2028-06-10,2028-06-15,2028-06-16,merged,1792,2,2,1,1,3.0,1,1,2028-06-10,merged,1,5.0,medium_2_10d,0
1892,892,892,2028-06-11,2028-06-18,2028-06-19,merged,1794,3,3,1,1,5.0,2,1,2028-06-11,merged,1,7.0,medium_2_10d,1
1893,893,893,2028-06-12,2028-06-26,2028-06-27,merged,1796,4,4,1,1,12.0,4,0,2028-06-12,merged,1,14.0,slow_gt_10d,0
1894,894,894,2028-06-13,,2028-07-04,closed,1798,5,5,1,0,18.0,5,0,2028-06-13,closed,0,,slow_gt_10d,0
1895,895,895,2028-06-14,,2028-06-18,closed,1800,6,1,1,0,1.0,1,0,2028-06-14,closed,0,,fast_le_2d,0
1896,896,896,2028-06-15,2028-06-20,2028-06-21,merged,1802,0,2,1,1,3.0,1,1,2028-06-15,merged,1,5.0,medium_2_10d,1
1897,897,897,2028-06-16,2028-06-23,2028-06-24,merged,1804,1,3,1,1,5.0,2,1,2028-06-16,merged,1,7.0,medium_2_10d,0
1898,898,898,2028-06-17,2028-07-01,2028-07-02,merged,1806,2,4,1,1,12.0,4,0,2028-06-17,merged,1,14.0,slow_gt_10d,0
1899,899,899,2028-06-18,2028-07-08,2028-07-09,merged,1808,3,5,1,1,18.0,5,0,2028-06-18,merged,1,20.0,slow_gt_10d,0
1900,900,900,2028-06-19,,2028-06-23,closed,1810,4,1,1,0,1.0,1,0,2028-06-19,closed,0,,fast_le_2d,1
1901,901,901,2028-06-20,,2028-06-26,closed,1812,5,2,1,0,3.0,1,0,2028-06-20,closed,0,,medium_2_10d,0
1902,902,902,2028-06-21,2028-06-28,2028-06-29,merged,1814,6,3,1,1,5.0,2,1,2028-06-21,merged,1,7.0,medium_2_10d,0
1903,903,903,2028-06-22,2028-07-06,2028-07-07,merged,1816,0,4,1,1,12.0,4,0,2028-06-22,merged,1,14.0,slow_gt_10d,0
1904,904,904,2028-06-23,2028-07-13,2028-07-14,merged,1818,1,5,1,1,18.0,5,0,2028-06-23,merged,1,20.0,slow_gt_10d,1
1905,905,905,2028-06-24,2028-06-27,2028-06-28,merged,1820,2,1,1,1,1.0,1,1,2028-06-24,merged,1,3.0,fast_le_2d,0
1906,906,906,2028-06-25,,2028-07-01,closed,1822,3,2,1,0,3.0,1,0,2028-06-25,closed,0,,medium_2_10d,0
1907,907,907,2028-06-26,,2028-07-04,closed,1824,4,3,1,0,5.0,2,0,2028-06-26,closed,0,,medium_2_10d,0
1908,908,908,2028-06-27,2028-07-11,2028-07-12,merged,1826,5,4,1,1,12.0,4,0,2028-06-27,merged,1,14.0,slow_gt_10d,1
1909,909,909,2028-06-28,2028-07-18,2028-07-19,merged,1828,6,5,1,1,18.0,5,0,2028-06-28,merged,1,20.0,slow_gt_10d,0
1910,910,910,2028-06-29,2028-07-02,2028-07-03,merged,1830,0,1,1,1,1.0,1,1,2028-06-29,merged,1,3.0,fast_le_2d,0
1911,911,911,2028-06-30,2028-07-05,2028-07-06,merged,1832,1,2,1,1,3.0,1,1,2028-06-30,merged,1,5.0,medium_2_10d,0
1912,912,912,2028-07-01,,2028-07-09,closed,1834,2,3,1,0,5.0,2,0,2028-07-01,closed,0,,medium_2_10d,1
1913,913,913,2028-07-02,,2028-07-17,closed,1836,3,4,1,0,12.0,4,0,2028-07-02,closed,0,,slow_gt_10d,0
1914,914,914,2028-07-03,2028-07-23,2028-07-24,merged,1838,4,5,1,1,18.0,5,0,2028-07-03,merged,1,20.0,slow_gt_10d,0
1915,915,915,2028-07-04,2028-07-07,2028-07-08,merged,1840,5,1,1,1,1.0,1,1,2028-07-04,merged,1,3.0,fast_le_2d,0
1916,916,916,2028-07-05,2028-07-10,2028-07-11,merged,1842,6,2,1,1,3.0,1,1,2028-07-05,merged,1,5.0,medium_2_10d,1
1917,917,917,2028-07-06,2028-07-13,2028-07-14,merged,1844,0,3,1,1,5.0,2,1,2028-07-06,merged,1,7.0,medium_2_10d,0
1918,918,918,2028-07-07,,2028-07-22,closed,1846,1,4,1,0,12.0,4,0,2028-07-07,closed,0,,slow_gt_10d,0
1919,919,919,2028-07-08,,2028-07-29,closed,1848,2,5,1,0,18.0,5,0,2028-07-08,closed,0,,slow_gt_10d,0
1920,920,920,2028-07-09,2028-07-12,2028-07-13,merged,1850,3,1,1,1,1.0,1,1,2028-07-09,merged,1,3.0,fast_le_2d,1
1921,921,921,2028-07-10,2028-07-15,2028-07-16,merged,1852,4,2,1,1,3.0,1,1,2028-07-10,merged,1,5.0,medium_2_10d,0
1922,922,922,2028-07-11,2028-07-18,2028-07-19,merged,1854,5,3,1,1,5.0,2,1,2028-07-11,merged,1,7.0,medium_2_10d,0
1923,923,923,2028-07-12,2028-07-26,2028-07-27,merged,1856,6,4,1,1,12.0,4,0,2028-07-12,merged,1,14.0,slow_gt_10d,0
1924,924,924,2028-07-13,,2028-08-03,closed,1858,0,5,1,0,18.0,5,0,2028-07-13,closed,0,,slow_gt_10d,1
1925,925,925,2028-07-14,,2028-07-18,closed,1860,1,1,1,0,1.0,1,0,2028-07-14,closed,0,,fast_le_2d,0
1926,926,926,2028-07-15,2028-07-20,2028-07-21,merged,1862,2,2,1,1,3.0,1,1,2028-07-15,merged,1,5.0,medium_2_10d,0
1927,927,927,2028-07-16,2028-07-23,2028-07-24,merged,1864,3,3,1,1,5.0,2,1,2028-07-16,merged,1,7.0,medium_2_10d,0
1928,928,928,2028-07-17,2028-07-31,2028-08-01,merged,1866,4,4,1,1,12.0,4,0,2028-07-17,merged,1,14.0,slow_gt_10d,1
1929,929,929,2028-07-18,2028-08-07,2028-08-08,merged,1868,5,5,1,1,18.0,5,0,2028-07-18,merged,1,20.0,slow_gt_10d,0
1930,930,930,2028-07-19,,2028-07-23,closed,1870,6,1,1,0,1.0,1,0,2028-07-19,closed,0,,fast_le_2d,0
1931,931,931,2028-07-20,,2028-07-26,closed,1872,0,2,1,0,3.0,1,0,2028-07-20,closed,0,,medium_2_10d,0
1932,932,932,2028-07-21,2028-07-28,2028-07-29,merged,1874,1,3,1,1,5.0,2,1,2028-07-21,merged,1,7.0,medium_2_10d,1
1933,933,933,2028-07-22,2028-08-05,2028-08-06,merged,1876,2,4,1,1,12.0,4,0,2028-07-22,merged,1,14.0,slow_gt_10d,0
1934,934,934,2028-07-23,2028-08-12,2028-08-13,merged,1878,3,5,1,1,18.0,5,0,2028-07-23,merged,1,20.0,slow_gt_10d,0
1935,935,935,2028-07-24,2028-07-27,2028-07-28,merged,1880,4,1,1,1,1.0,1,1,2028-07-24,merged,1,3.0,fast_le_2d,0
1936,936,936,2028-07-25,,2028-07-31,closed,1882,5,2,1,0,3.0,1,0,2028-07-25,closed,0,,medium_2_10d,1
1937,937,937,2028-07-26,,2028-08-03,closed,1884,6,3,1,0,5.0,2,0,2028-07-26,closed,0,,medium_2_10d,0
1938,938,938,2028-07-27,2028-08-10,2028-08-11,merged,1886,0,4,1,1,12.0,4,0,2028-07-27,merged,1,14.0,slow_gt_10d,0
1939,939,939,2028-07-28,2028-08-17,2028-08-18,merged,1888,1,5,1,1,18.0,5,0,2028-07-28,merged,1,20.0,slow_gt_10d,0
1940,940,940,2028-07-29,2028-08-01,2028-08-02,merged,1890,2,1,1,1,1.0,1,1,2028-07-29,merged,1,3.0,fast_le_2d,1
1941,941,941,2028-07-30,2028-08-04,2028-08-05,merged,1892,3,2,1,1,3.0,1,1,2028-07-30,merged,1,5.0,medium_2_10d,0
1942,942,942,2028-07-31,,2028-08-08,closed,1894,4,3,1,0,5.0,2,0,2028-07-31,closed,0,,medium_2_10d,0
1943,943,943,2028-08-01,,2028-08-16,closed,1896,5,4,1,0,12.0,4,0,2028-08-01,closed,0,,slow_gt_10d,0
1944,944,944,2028-08-02,2028-08-22,2028-08-23,merged,1898,6,5,1,1,18.0,5,0,2028-08-02,merged,1,20.0,slow_gt_10d,1
1945,945,945,2028-08-03,2028-08-06,2028-08-07,merged,1900,0,1,1,1,1.0,1,1,2028-08-03,merged,1,3.0,fast_le_2d,0
1946,946,946,2028-08-04,2028-08-09,2028-08-10,merged,1902,1,2,1,1,3.0,1,1,2028-08-04,merged,1,5.0,medium_2_10d,0
1947,947,947,2028-08-05,2028-08-12,2028-08-13,merged,1904,2,3,1,1,5.0,2,1,2028-08-05,merged,1,7.0,medium_2_10d,0
1948,948,948,2028-08-06,,2028-08-21,closed,1906,3,4,1,0,12.0,4,0,2028-08-06,closed,0,,slow_gt_10d,1
1949,949,949,2028-08-07,,2028-08-28,closed,1908,4,5,1,0,18.0,5,0,2028-08-07,closed,0,,slow_gt_10d,0
1950,950,950,2028-08-08,2028-08-11,2028-08-12,merged,1910,5,1,1,1,1.0,1,1,2028-08-08,merged,1,3.0,fast_le_2d,0
1951,951,951,2028-08-09,2028-08-14,2028-08-15,merged,1912,6,2,1,1,3.0,1,1,2028-08-09,merged,1,5.0,medium_2_10d,0
1952,952,952,2028-08-10,2028-08-17,2028-08-18,merged,1914,0,3,1,1,5.0,2,1,2028-08-10,merged,1,7.0,medium_2_10d,1
1953,953,953,2028-08-11,2028-08-25,2028-08-26,merged,1916,1,4,1,1,12.0,4,0,2028-08-11,merged,1,14.0,slow_gt_10d,0
1954,954,954,2028-08-12,,2028-09-02,closed,1918,2,5,1,0,18.0,5,0,2028-08-12,closed,0,,slow_gt_10d,0
1955,955,955,2028-08-13,,2028-08-17,closed,1920,3,1,1,0,1.0,1,0,2028-08-13,closed,0,,fast_le_2d,0
1956,956,956,2028-08-14,2028-08-19,2028-08-20,merged,1922,4,2,1,1,3.0,1,1,2028-08-14,merged,1,5.0,medium_2_10d,1
1957,957,957,2028-08-15,2028-08-22,2028-08-23,merged,1924,5,3,1,1,5.0,2,1,2028-08-15,merged,1,7.0,medium_2_10d,0
1958,958,958,2028-08-16,2028-08-30,2028-08-31,merged,1926,6,4,1,1,12.0,4,0,2028-08-16,merged,1,14.0,slow_gt_10d,0
1959,959,959,2028-08-17,2028-09-06,2028-09-07,merged,1928,0,5,1,1,18.0,5,0,2028-08-17,merged,1,20.0,slow_gt_10d,0
1960,960,960,2028-08-18,,2028-08-22,closed,1930,1,1,1,0,1.0,1,0,2028-08-18,closed,0,,fast_le_2d,1
1961,961,961,2028-08-19,,2028-08-25,closed,1932,2,2,1,0,3.0,1,0,2028-08-19,closed,0,,medium_2_10d,0
1962,962,962,2028-08-20,2028-08-27,2028-08-28,merged,1934,3,3,1,1,5.0,2,1,2028-08-20,merged,1,7.0,medium_2_10d,0
1963,963,963,2028-08-21,2028-09-04,2028-09-05,merged,1936,4,4,1,1,12.0,4,0,2028-08-21,merged,1,14.0,slow_gt_10d,0
1964,964,964,2028-08-22,2028-09-11,2028-09-12,merged,1938,5,5,1,1,18.0,5,0,2028-08-22,merged,1,20.0,slow_gt_10d,1
1965,965,965,2028-08-23,2028-08-26,2028-08-27,merged,1940,6,1,1,1,1.0,1,1,2028-08-23,merged,1,3.0,fast_le_2d,0
1966,966,966,2028-08-24,,2028-08-30,closed,1942,0,2,1,0,3.0,1,0,2028-08-24,closed,0,,medium_2_10d,0
1967,967,967,2028-08-25,,2028-09-02,closed,1944,1,3,1,0,5.0,2,0,2028-08-25,closed,0,,medium_2_10d,0
1968,968,968,2028-08-26,2028-09-09,2028-09-10,merged,1946,2,4,1,1,12.0,4,0,2028-08-26,merged,1,14.0,slow_gt_10d,1
1969,969,969,2028-08-27,2028-09-16,2028-09-17,merged,1948,3,5,1,1,18.0,5,0,2028-08-27,merged,1,20.0,slow_gt_10d,0
1970,970,970,2028-08-28,2028-08-31,2028-09-01,merged,1950,4,1,1,1,1.0,1,1,2028-08-28,merged,1,3.0,fast_le_2d,0
1971,971,971,2028-08-29,2028-09-03,2028-09-04,merged,1952,5,2,1,1,3.0,1,1,2028-08-29,merged,1,5.0,medium_2_10d,0
1972,972,972,2028-08-30,,2028-09-07,closed,1954,6,3,1,0,5.0,2,0,2028-08-30,closed,0,,medium_2_10d,1
1973,973,973,2028-08-31,,2028-09-15,closed,1956,0,4,1,0,12.0,4,0,2028-08-31,closed,0,,slow_gt_10d,0
1974,974,974,2028-09-01,2028-09-21,2028-09-22,merged,1958,1,5,1,1,18.0,5,0,2028-09-01,merged,1,20.0,slow_gt_10d,0
1975,975,975,2028-09-02,2028-09-05,2028-09-06,merged,1960,2,1,1,1,1.0,1,1,2028-09-02,merged,1,3.0,fast_le_2d,0
1976,976,976,2028-09-03,2028-09-08,2028-09-09,merged,1962,3,2,1,1,3.0,1,1,2028-09-03,merged,1,5.0,medium_2_10d,1
1977,977,977,2028-09-04,2028-09-11,2028-09-12,merged,1964,4,3,1,1,5.0,2,1,2028-09-04,merged,1,7.0,medium_2_10d,0
1978,978,978,2028-09-05,,2028-09-20,closed,1966,5,4,1,0,12.0,4,0,2028-09-05,closed,0,,slow_gt_10d,0
1979,979,979,2028-09-06,,2028-09-27,closed,1968,6,5,1,0,18.0,5,0,2028-09-06,closed,0,,slow_gt_10d,0
1980,980,980,2028-09-07,2028-09-10,2028-09-11,merged,1970,0,1,1,1,1.0,1,1,2028-09-07,merged,1,3.0,fast_le_2d,1
1981,981,981,2028-09-08,2028-09-13,2028-09-14,merged,1972,1,2,1,1,3.0,1,1,2028-09-08,merged,1,5.0,medium_2_10d,0
1982,982,982,2028-09-09,2028-09-16,2028-09-17,merged,1974,2,3,1,1,5.0,2,1,2028-09-09,merged,1,7.0,medium_2_10d,0
1983,983,983,2028-09-10,2028-09-24,2028-09-25,merged,1976,3,4,1,1,12.0,4,0,2028-09-10,merged,1,14.0,slow_gt_10d,0
1984,984,984,2028-09-11,,2028-10-02,closed,1978,4,5,1,0,18.0,5,0,2028-09-11,closed,0,,slow_gt_10d,1
1985,985,985,2028-09-12,,2028-09-16,closed,1980,5,1,1,0,1.0,1,0,2028-09-12,closed,0,,fast_le_2d,0
1986,986,986,2028-09-13,2028-09-18,2028-09-19,merged,1982,6,2,1,1,3.0,1,1,2028-09-13,merged,1,5.0,medium_2_10d,0
1987,987,987,2028-09-14,2028-09-21,2028-09-22,merged,1984,0,3,1,1,5.0,2,1,2028-09-14,merged,1,7.0,medium_2_10d,0
1988,988,988,2028-09-15,2028-09-29,2028-09-30,merged,1986,1,4,1,1,12.0,4,0,2028-09-15,merged,1,14.0,slow_gt_10d,1
1989,989,989,2028-09-16,2028-10-06,2028-10-07,merged,1988,2,5,1,1,18.0,5,0,2028-09-16,merged,1,20.0,slow_gt_10d,0
1990,990,990,2028-09-17,,2028-09-21,closed,1990,3,1,1,0,1.0,1,0,2028-09-17,closed,0,,fast_le_2d,0
1991,991,991,2028-09-18,,2028-09-24,closed,1992,4,2,1,0,3.0,1,0,2028-09-18,closed,0,,medium_2_10d,0
1992,992,992,2028-09-19,2028-09-26,2028-09-27,merged,1994,5,3,1,1,5.0,2,1,2028-09-19,merged,1,7.0,medium_2_10d,1
1993,993,993,2028-09-20,2028-10-04,2028-10-05,merged,1996,6,4,1,1,12.0,4,0,2028-09-20,merged,1,14.0,slow_gt_10d,0
1994,994,994,2028-09-21,2028-10-11,2028-10-12,merged,1998,0,5,1,1,18.0,5,0,2028-09-21,merged,1,20.0,slow_gt_10d,0
1995,995,995,2028-09-22,2028-09-25,2028-09-26,merged,2000,1,1,1,1,1.0,1,1,2028-09-22,merged,1,3.0,fast_le_2d,0
1996,996,996,2028-09-23,,2028-09-29,closed,2002,2,2,1,0,3.0,1,0,2028-09-23,closed,0,,medium_2_10d,1
1997,997,997,2028-09-24,,2028-10-02,closed,2004,3,3,1,0,5.0,2,0,2028-09-24,closed,0,,medium_2_10d,0
1998,998,998,2028-09-25,2028-10-09,2028-10-10,merged,2006,4,4,1,1,12.0,4,0,2028-09-25,merged,1,14.0,slow_gt_10d,0
1999,999,999,2028-09-26,2028-10-16,2028-10-17,merged,2008,5,5,1,1,18.0,5,0,2028-09-26,merged,1,20.0,slow_gt_10d,0
2000,1000,1000,2028-09-27,2028-09-30,2028-10-01,merged,2010,6,1,1,1,1.0,1,1,2028-09-27,merged,1,3.0,fast_le_2d,1
